Age,AnnualIncome,LoanAmount,CreditScore,TotalDebts,ExistingCreditLines,LatePayments,CreditUtilization,DelinquencyFlag,EmploymentStatus,DwellingType,Target
59,80279.0,20576,580,89791,10,0,0.20737104191989075,0,Employed,Boarding,0
49,73028.0,36946,723,41003,14,5,0.28353343602613534,1,Employed,Rent,0
35,124263.0,7116,569,19996,14,6,1.1161045354644537,1,Employed,Own,0
63,20126.0,16563,453,86598,5,8,1.00361837805381,1,Employed,Rent,0
28,72329.0,27788,382,35931,2,7,0.4894710185906035,1,Employed,Rent,0
41,47632.0,27928,725,35710,8,5,0.821402844060132,1,Employed,Boarding,0
59,127099.0,37336,574,34693,14,2,0.6910032410348418,0,Employed,Own,0
39,85310.0,10847,583,35740,2,7,0.8448366898308202,1,Unemployed,Rent,0
43,129945.0,27155,472,77241,10,6,0.8509382677090351,1,Employed,Own,0
31,75176.0,15135,626,93583,12,2,0.7916074165659921,0,Employed,Own,0
31,139797.0,18774,362,76502,6,8,0.3927115053910394,1,Self-Employed,Boarding,0
44,106066.0,2742,372,17374,8,1,0.14290706283909993,0,Employed,Rent,1
56,125500.0,19309,674,76674,6,2,0.6011234601891196,0,Employed,Own,1
60,146413.0,1619,807,81471,4,1,1.0800712731597741,0,Self-Employed,Own,1
44,64327.0,18658,697,45913,13,0,0.7264469843704334,0,Unemployed,Rent,0
23,88904.0,35707,419,66025,4,3,1.0156301458720987,1,Employed,Rent,0
42,23797.0,21337,736,44516,6,4,1.1907867772573508,1,Employed,Own,0
22,67882.0,17001,764,87796,14,5,0.27997782455210385,1,Employed,Boarding,0
44,33718.0,1968,585,26069,13,4,0.8609554030561805,1,Self-Employed,Own,0
64,54560.0,48614,564,56233,4,0,0.8417229310700269,0,Employed,Own,0
50,96589.0,26892,619,84811,8,2,1.1779509920941063,0,Employed,Boarding,0
58,42116.0,26619,675,59049,9,0,1.1841608073480803,0,Unemployed,Own,0
22,56244.0,1281,388,39178,1,4,0.8553464728965423,1,Employed,Own,0
41,121721.0,28420,502,32821,13,4,0.36797627118041365,1,Self-Employed,Rent,1
53,21645.0,16360,633,51727,4,5,0.9784114219436588,1,Employed,Rent,0
32,67523.0,40030,521,60935,4,7,0.2177320476321419,1,Employed,Own,0
42,144085.0,2058,340,16999,2,9,0.9587692345887915,1,Employed,Boarding,0
64,137718.0,21677,367,62522,6,0,1.101215736559166,0,Self-Employed,Rent,0
45,39256.0,11724,813,38712,3,3,0.5211167342452787,1,Employed,Own,1
69,121376.0,29404,426,64551,7,9,0.7936988244813884,1,Employed,Rent,0
47,120158.0,38946,554,40172,13,0,0.5731570053065089,0,Employed,Own,1
62,73173.0,40748,315,33722,11,8,0.5815415604869413,1,Self-Employed,Own,0
48,57430.0,30856,776,10625,11,6,0.44140797801893206,1,Student,Rent,0
36,,10200,361,67165,5,6,0.938342582495357,1,Employed,Boarding,0
35,139719.0,34997,731,76509,4,4,1.1297942205831557,1,Employed,Own,0
67,83374.0,26611,567,6859,5,6,1.1348259451579072,1,Student,Own,0
64,88244.0,42235,334,41609,8,1,0.2922594133624272,0,Employed,Own,0
23,31694.0,36057,793,43307,3,3,1.0622180146222227,1,Employed,Own,0
57,76264.0,2239,768,21839,14,6,0.9111745855698342,1,Employed,Own,0
27,95060.0,39138,624,27216,7,2,0.37812114075931813,0,Self-Employed,Own,0
41,117416.0,49938,603,52953,14,1,0.17401307421366602,0,Employed,Rent,1
29,77545.0,1125,575,84481,6,9,0.3947969935728157,1,Employed,Own,0
59,138195.0,46272,500,60593,12,1,1.1034290604596781,0,Employed,Own,0
38,59224.0,24857,744,72075,1,0,0.7964965423853494,0,Employed,Rent,0
24,122516.0,16398,623,49522,13,4,0.8931601269876589,1,Employed,Rent,0
45,117945.0,7638,334,99161,7,5,0.3828675862200054,1,Employed,Own,0
34,,7570,781,4886,14,5,0.8913269711323022,1,Employed,Own,0
29,60738.0,4249,779,7485,13,8,0.13093365690571612,1,Employed,Rent,1
46,45150.0,10110,364,31455,7,3,0.5128534803503151,1,Employed,Own,0
22,83731.0,41363,307,16767,14,0,0.7894286833965642,0,Self-Employed,Own,0
40,69688.0,14605,600,28453,12,5,0.26070622209545224,1,Self-Employed,Rent,0
48,119929.0,13115,642,76280,1,4,1.0053039318916281,1,Self-Employed,Own,0
67,128618.0,40062,730,53442,9,9,0.3585344286931105,1,Employed,Own,0
27,93509.0,23911,723,51877,6,5,0.8175092241002908,1,Employed,Own,0
64,28577.0,39525,631,12226,12,2,0.5457168568328626,0,Employed,Own,0
28,28070.0,33556,737,93405,2,1,0.7556479550254118,0,Unemployed,Own,0
67,146161.0,13595,473,22588,5,5,0.21819560789179893,1,Self-Employed,Boarding,0
55,28666.0,2969,826,78976,13,0,0.11860407991376806,0,Self-Employed,Own,0
34,77761.0,44753,325,31709,11,6,1.1005208701183313,1,Employed,Own,0
37,141178.0,18275,705,47788,4,6,0.3965930096439011,1,Employed,Own,1
56,56368.0,5470,531,88031,7,9,1.001644703058505,1,Employed,Boarding,0
60,,11225,832,37019,8,6,1.1992853305194202,1,Employed,Rent,0
24,,43324,849,44948,11,9,0.3325743837988022,1,Employed,Own,0
22,61914.0,42974,804,65133,14,0,0.39168781530169117,0,Unemployed,Rent,0
26,90507.0,43759,478,66458,11,3,0.8291457663981322,1,Employed,Own,0
62,147738.0,24196,431,27526,1,6,1.1619934980606834,1,Employed,Own,0
24,99026.0,41287,754,73493,5,8,1.1073957830098182,1,Employed,Own,0
49,135893.0,14669,647,52198,3,4,0.6531630720721433,1,Unemployed,Own,0
38,131255.0,38380,839,99534,1,1,0.974621310779397,0,Employed,Own,1
46,130616.0,46141,705,43395,12,6,0.24932043840989115,1,Employed,Rent,0
64,87526.0,49320,375,24031,3,9,1.1751820026244135,1,Unemployed,Own,0
54,90835.0,48414,791,75542,14,0,1.160788557439585,0,Employed,Rent,0
30,65765.0,39006,493,37701,6,6,0.28010185366708806,1,Employed,Own,0
56,39956.0,16577,461,25939,14,5,0.42936543728341725,1,Employed,Own,0
34,107895.0,23473,646,49145,7,6,0.21017049725744363,1,Employed,Own,0
51,66240.0,29625,660,20324,8,9,0.3988893587879977,1,Self-Employed,Boarding,0
68,141008.0,16504,386,22867,13,2,0.9975513683567272,0,Self-Employed,Own,0
35,57148.0,25089,561,203,11,2,0.5161471678817854,0,Employed,Rent,1
28,114270.0,37487,513,16544,4,6,0.1972366638614342,1,Employed,Own,0
34,147978.0,1302,561,15899,3,1,0.47644807725679494,0,Employed,Own,1
43,24757.0,32463,582,29063,5,0,1.1795216676654081,0,Employed,Own,0
60,39097.0,45912,766,90880,9,8,0.7926519547851231,1,Employed,Own,0
41,30395.0,30259,679,3748,13,8,0.5577770410467735,1,Employed,Own,0
36,36241.0,43823,661,66629,6,6,0.28319236484699695,1,Employed,Own,0
65,123892.0,38208,748,80764,9,6,1.1847944770120642,1,Self-Employed,Rent,0
38,47696.0,31659,740,20884,6,2,1.0029339101894417,0,Employed,Own,0
67,135654.0,36840,392,25183,2,9,0.40962503269601136,1,Employed,Rent,0
44,90480.0,32890,723,81570,13,1,0.1770755652933084,0,Employed,Own,1
46,66163.0,14598,441,71246,5,6,0.16228811311531383,1,Unemployed,Rent,0
45,39816.0,48055,590,19259,12,8,0.2324159644560872,1,Employed,Rent,0
65,69840.0,47733,731,35959,11,0,0.7388454419758637,0,Employed,Own,0
61,122547.0,20508,348,33457,9,3,1.1216397633260415,1,Employed,Own,0
49,72853.0,43287,601,85679,8,5,0.6464177708065828,1,Self-Employed,Rent,0
35,44917.0,14380,489,2103,7,6,1.0272400307018168,1,Employed,Rent,0
65,116731.0,27984,435,65901,1,9,0.5904752818457886,1,Self-Employed,Own,0
21,41566.0,45633,703,44535,4,6,0.8794419003446077,1,Student,Own,0
45,95452.0,9125,640,16103,12,9,0.9050600110151508,1,Self-Employed,Rent,0
27,82823.0,37059,617,98046,7,1,0.29136007649367246,0,Employed,Own,0
29,141392.0,5033,662,90012,11,3,0.4973376648733929,1,Employed,Rent,1
44,40806.0,38873,681,78278,7,4,0.8010323721918262,1,Employed,Own,0
21,95520.0,18087,532,12391,6,0,0.1777662690028028,0,Student,Own,1
64,21759.0,41901,643,28901,8,0,0.4976942065392522,0,Employed,Rent,0
28,146092.0,6704,848,97537,11,9,0.6882794129093116,1,Employed,Rent,0
44,61949.0,8848,828,81159,13,2,1.1958469423491025,0,Employed,Own,0
31,112374.0,22592,482,67914,6,9,0.6219869188846847,1,Employed,Own,0
37,22482.0,46743,340,50357,10,2,0.9976624328257558,0,Employed,Rent,0
28,44442.0,7924,696,86908,3,7,0.5752740135732795,1,Employed,Rent,0
55,53719.0,28208,793,38437,4,8,0.9760297948816796,1,Employed,Own,0
55,78066.0,20614,632,35503,14,0,0.7549562817821192,0,Self-Employed,Rent,0
53,,1488,426,96282,3,1,1.075254985652638,0,Employed,Rent,0
25,,40882,300,93459,1,9,0.5520368075851209,1,Employed,Rent,0
62,22717.0,26923,467,75403,10,1,0.7647348618036266,0,Employed,Rent,0
59,79676.0,49508,318,41258,5,3,0.79302054868071,1,Employed,Own,0
61,47952.0,36941,631,33724,1,1,0.5591212359805205,0,Self-Employed,Rent,0
48,106444.0,30165,755,64286,1,6,0.25874324805622967,1,Employed,Rent,0
27,62460.0,2667,408,74842,2,8,0.2029153476035691,1,Employed,Own,0
29,110397.0,27213,567,14908,13,6,0.11833870565959642,1,Employed,Own,1
28,92847.0,5114,744,92617,4,5,1.060887690669736,1,Unemployed,Own,0
32,113607.0,37321,539,50626,6,9,0.36012240346256397,1,Employed,Rent,0
54,109106.0,8761,600,37228,8,0,0.3326574242099448,0,Self-Employed,Own,1
53,38449.0,32116,402,23386,13,9,0.909638940468672,1,Employed,Rent,0
68,53536.0,34768,549,46754,3,8,0.45201772439613086,1,Employed,Boarding,0
43,84077.0,49406,752,28302,1,4,0.6566491616530201,1,Employed,Rent,0
44,58258.0,26426,819,60815,3,4,0.27876217182720187,1,Unemployed,Boarding,0
57,68302.0,18772,452,84748,12,5,1.155720293608166,1,Employed,Boarding,0
55,145937.0,39218,473,63344,3,8,1.036739540018961,1,Unemployed,Own,0
64,48865.0,4712,642,35618,5,7,1.0501685852615035,1,Employed,Rent,0
60,26645.0,2367,730,76234,11,7,0.5474511234292057,1,Employed,Own,0
42,139771.0,41957,623,61114,12,7,0.93859733507789,1,Employed,Rent,0
47,58000.0,42781,719,70130,12,0,0.2582637709287582,0,Self-Employed,Own,0
55,46737.0,27200,784,25525,4,0,0.10948090285095831,0,Employed,Boarding,1
21,31485.0,4726,711,79818,13,7,0.12197022583583095,1,Unemployed,Rent,0
55,58565.0,24616,383,14334,4,4,0.7452619111450164,1,Unemployed,Rent,0
57,45522.0,28723,412,94715,9,8,0.6009343957727348,1,Unemployed,Own,0
67,139614.0,38574,631,62767,7,1,0.6698168837993717,0,Employed,Own,0
34,85155.0,35958,677,6644,4,8,0.10820945445894135,1,Employed,Rent,0
23,75168.0,10108,340,32933,3,7,0.5649552816231682,1,Self-Employed,Own,0
21,72487.0,13178,404,43469,6,8,0.8898749773209468,1,Employed,Rent,0
25,149948.0,36643,501,33687,3,3,0.5869630721641794,1,Employed,Own,0
46,32342.0,32324,749,52656,6,0,0.9054411269434444,0,Employed,Rent,0
34,60806.0,39360,565,17375,11,0,0.35632086083651826,0,Employed,Own,0
59,68770.0,18824,509,65206,13,4,0.9944562049298978,1,Employed,Rent,0
47,98623.0,46360,417,96462,11,1,0.7472743644987975,0,Employed,Rent,0
29,123177.0,9927,676,36607,13,7,0.3318394093728968,1,Employed,Own,1
35,,29144,839,83178,13,9,0.36039252343921624,1,Employed,Own,0
35,95629.0,32010,383,23993,12,4,0.7908335110264907,1,Employed,Own,0
46,140993.0,23443,753,44386,9,4,1.0129335525336876,1,Employed,Rent,0
62,72603.0,15437,813,46287,6,1,0.5571905602320707,0,Employed,Rent,1
33,146944.0,45298,686,86724,12,6,0.38413047204035144,1,Employed,Rent,0
52,132726.0,40778,649,98132,4,7,1.0537127676016604,1,Employed,Rent,0
59,101974.0,12207,595,93308,5,9,0.8361951209259183,1,Employed,Own,0
69,125947.0,26537,557,96393,13,0,0.5928940360113841,0,Employed,Own,1
52,,36757,380,76312,6,1,0.636690214807232,0,Self-Employed,Own,0
24,148177.0,13040,567,98371,11,9,0.32468211473003605,1,Employed,Own,0
50,,42986,718,75324,3,3,0.7894828930713282,1,Self-Employed,Boarding,0
57,101244.0,23612,534,71196,8,4,0.4946167615971775,1,Employed,Rent,0
43,129575.0,29441,610,70014,4,1,1.1952096943417843,0,Employed,Own,0
59,135520.0,7471,656,8210,8,0,0.6282018667880765,0,Employed,Rent,1
65,130904.0,36631,512,10922,10,8,0.6344741668085744,1,Employed,Rent,0
35,96534.0,44461,348,36289,10,0,0.722436966151739,0,Employed,Own,0
63,75106.0,27523,426,33340,3,3,1.1084316034306214,1,Employed,Own,0
49,132599.0,32348,522,39850,10,1,0.9808999098457252,0,Employed,Own,0
56,50678.0,2177,578,56984,7,3,0.5962430767776256,1,Employed,Rent,0
33,96218.0,5760,707,84178,11,7,0.8905691925700755,1,Employed,Boarding,0
52,83230.0,33779,804,11094,13,7,0.7448590486588377,1,Unemployed,Rent,0
27,134684.0,22636,593,87959,12,8,0.6416037535713738,1,Employed,Own,0
42,94055.0,17353,576,33418,9,4,0.31154735006278556,1,Employed,Own,0
48,76373.0,12556,737,5741,4,6,0.6103298898003799,1,Employed,Rent,0
22,51480.0,28598,406,72374,8,2,0.3704004457248321,0,Employed,Rent,0
62,,12563,719,68798,3,9,1.1063263648368202,1,Self-Employed,Rent,0
65,88836.0,47819,728,70532,7,3,0.46894749484598164,1,Employed,Rent,0
26,92258.0,44790,674,22164,3,9,1.1474904159867094,1,Employed,Own,0
48,59986.0,9234,372,35595,12,8,0.6863608191041822,1,Unemployed,Rent,0
48,,26519,329,30257,7,9,0.7946988165437763,1,Employed,Rent,0
64,105595.0,27966,487,14211,14,9,0.6972344889382605,1,Employed,Own,0
64,121358.0,17173,663,95989,11,0,0.24231867866337098,0,Student,Rent,1
40,99111.0,27987,750,5232,10,1,0.513403340908735,0,Employed,Own,1
50,84929.0,14178,494,67753,10,4,0.20906072350538632,1,Employed,Own,0
31,93506.0,40338,455,52691,11,2,0.7852494486017199,0,Employed,Own,0
48,54911.0,25596,471,89765,11,1,0.5915616147204827,0,Employed,Own,0
45,107127.0,34174,340,79768,6,0,0.9557834687280303,0,Employed,Own,0
59,51821.0,42974,362,25613,2,9,0.3425175290993068,1,Unemployed,Own,0
53,95039.0,5431,322,14026,11,2,0.2810226642722684,0,Employed,Rent,0
21,80535.0,28764,659,53535,3,0,0.5469654540601445,0,Self-Employed,Own,1
47,133453.0,22627,374,94090,6,0,1.1192439215402192,0,Unemployed,Own,0
33,104458.0,40310,417,30908,14,0,0.8814639965136528,0,Employed,Own,0
61,32175.0,9906,679,52113,4,7,0.5608159872722105,1,Employed,Rent,0
23,,37914,589,19610,6,2,0.6689993867297416,0,Employed,Own,0
59,74771.0,45814,739,46646,1,0,0.19263431229480815,0,Unemployed,Own,1
26,,46379,306,63185,10,6,1.1830334860137244,1,Self-Employed,Rent,0
28,147157.0,14076,495,72567,12,9,0.8330480351644107,1,Employed,Rent,0
47,141300.0,38650,720,47574,1,2,0.41394447530976475,0,Employed,Rent,1
29,106925.0,47881,492,91051,3,7,0.7443892336367687,1,Employed,Own,0
57,133374.0,47413,447,36182,8,3,0.22043060267589337,1,Unemployed,Own,0
53,86358.0,7012,501,570,8,3,1.1624203356883418,1,Employed,Rent,0
62,37327.0,8151,743,97790,11,4,0.29226348667170254,1,Employed,Own,0
64,,29211,718,19288,4,5,0.8128333498607355,1,Unemployed,Own,0
44,26150.0,28117,726,78824,6,6,0.3699999087928234,1,Employed,Own,0
35,24425.0,37378,778,29877,8,3,0.8893175209133892,1,Employed,Rent,0
52,143654.0,43652,774,84425,7,7,0.954503503964309,1,Employed,Own,0
52,36032.0,7894,425,917,11,5,0.8407617018025758,1,Employed,Boarding,0
44,22198.0,14467,694,75602,7,0,0.7759494062807116,0,Employed,Rent,0
61,80500.0,32010,624,95040,13,0,1.0817160033472129,0,Unemployed,Own,0
69,73394.0,43641,691,64575,4,8,0.18648938208873383,1,Employed,Rent,0
69,40079.0,13289,739,72518,9,9,0.46400624235821464,1,Employed,Rent,0
32,56220.0,45976,503,39104,12,5,0.3731162275939305,1,Employed,Rent,0
59,61874.0,44596,785,18062,10,9,1.1868153582719636,1,Employed,Own,0
22,33859.0,24171,330,16999,6,7,0.5283287576335608,1,Employed,Rent,0
23,70460.0,35905,687,61845,14,6,0.9058739691644385,1,Self-Employed,Own,0
69,51419.0,21829,733,9941,12,5,0.8531976802691049,1,Unemployed,Boarding,0
57,138865.0,35054,675,61169,11,3,0.3332893612251155,1,Employed,Own,1
69,28705.0,49478,643,23470,3,6,0.3628974482327064,1,Employed,Own,0
37,62880.0,45139,742,59821,5,8,0.40941301990833745,1,Employed,Rent,0
69,149838.0,49713,374,86669,5,9,0.5522400060853171,1,Unemployed,Rent,0
22,43236.0,30734,454,44435,14,9,0.35775757221557947,1,Employed,Rent,0
22,,8052,729,4529,5,6,0.12161663102153258,1,Self-Employed,Own,1
48,105514.0,4654,662,83055,8,0,1.067332362487915,0,Employed,Own,0
43,123145.0,24486,747,12192,9,9,1.1621708145189724,1,Unemployed,Boarding,0
57,35358.0,19743,533,74102,13,8,0.4757274257347247,1,Self-Employed,Rent,0
52,119713.0,49368,561,72762,9,3,0.47235756736802015,1,Self-Employed,Rent,0
53,114914.0,25489,424,86795,13,2,0.1078009940518081,0,Employed,Own,1
21,122870.0,9636,544,34087,6,3,0.8482757571634113,1,Employed,Own,0
39,96918.0,7441,841,66677,6,3,1.0079838853234915,1,Employed,Rent,0
22,139179.0,25611,784,4627,9,9,0.26126913039600347,1,Self-Employed,Rent,1
64,136243.0,43435,421,56541,4,1,0.2756329843038658,0,Employed,Own,1
46,34596.0,13149,424,68226,6,0,0.9690915749685814,0,Student,Rent,0
52,53572.0,35566,848,3255,4,9,0.777919823189559,1,Unemployed,Rent,0
26,98757.0,43368,469,57433,11,0,0.1493466133904887,0,Employed,Own,0
52,21279.0,22675,423,5213,1,7,0.7848016895085097,1,Self-Employed,Own,0
24,83197.0,6495,334,19404,7,1,0.4398094951281426,0,Employed,Own,0
31,131496.0,43668,386,25380,14,9,0.5055976710179305,1,Employed,Rent,0
37,82516.0,14673,500,91056,10,4,0.9467045601265681,1,Employed,Own,0
58,27083.0,12130,668,19173,11,3,0.9920287119398715,1,Employed,Own,0
44,140674.0,23668,376,53027,12,7,0.5403922895238137,1,Self-Employed,Rent,0
25,140307.0,16222,358,23989,6,1,1.1418682296069902,0,Employed,Own,0
54,,24669,730,24519,9,9,0.5471089897472794,1,Employed,Own,0
26,129397.0,35068,799,22439,7,8,0.9490196387531208,1,Employed,Own,0
42,37771.0,24253,408,76949,13,6,0.6322649910206849,1,Self-Employed,Rent,0
31,49975.0,10435,577,14995,7,6,1.0872855591742923,1,Employed,Rent,0
68,65648.0,29552,367,23559,2,0,1.0985373680151964,0,Unemployed,Own,0
36,145641.0,38384,368,89049,12,1,0.19615848865819224,0,Employed,Rent,1
53,68285.0,17393,464,5021,11,3,1.1301426644412482,1,Employed,Rent,0
29,39063.0,11617,788,98000,9,3,1.008088325672457,1,Employed,Own,0
26,87642.0,39520,604,21119,10,2,0.9704417857439335,0,Employed,Own,0
36,110093.0,10852,664,51539,9,6,0.32100247365407464,1,Unemployed,Own,0
49,134390.0,32401,678,94835,6,7,0.9856311296301313,1,Employed,Own,0
23,106143.0,7295,642,39350,13,1,1.0351460081535404,0,Self-Employed,Rent,0
40,,36993,653,46223,3,3,0.41806536789956605,1,Employed,Rent,0
56,71920.0,35084,715,25517,1,2,1.147486086198556,0,Employed,Own,0
39,48529.0,46105,408,78653,4,1,0.15484616103908067,0,Student,Own,0
46,55954.0,40575,796,22250,14,5,0.2649001785718536,1,Self-Employed,Own,1
23,47856.0,37451,640,84486,14,3,0.6913392518566657,1,Employed,Rent,0
39,22573.0,8227,682,82895,3,5,0.7333717182345406,1,Employed,Own,0
40,98344.0,32910,832,89132,14,1,0.8096650916309936,0,Employed,Rent,0
52,55367.0,37041,599,91066,12,3,0.1186660422470131,1,Employed,Own,0
27,122337.0,24384,438,66798,1,5,1.1564034520843434,1,Self-Employed,Rent,0
61,126732.0,1145,658,54199,3,4,0.14904690200755838,1,Self-Employed,Rent,1
53,119608.0,38778,798,59546,14,2,0.2573681479957426,0,Employed,Own,1
60,80774.0,17035,684,88151,14,7,0.11541596927866268,1,Unemployed,Own,0
59,43752.0,4040,579,3327,4,6,0.7235442766235041,1,Employed,Boarding,0
38,75029.0,43422,782,29768,13,2,1.1254935723130695,0,Employed,Own,0
60,37685.0,27160,410,64418,13,5,0.8325418826885106,1,Employed,Rent,0
21,71693.0,18633,438,94386,14,3,1.00492321532847,1,Employed,Own,0
31,136739.0,30344,734,42788,8,4,0.1146093238044381,1,Employed,Rent,1
48,75961.0,18014,808,82384,9,4,0.6962168283276986,1,Employed,Own,0
45,126937.0,15996,572,46830,3,6,0.605519275256074,1,Employed,Boarding,0
43,144956.0,42621,398,52446,6,4,0.6488647386428723,1,Employed,Rent,0
51,,12695,403,15160,10,2,0.17943450386870674,0,Self-Employed,Rent,0
50,145537.0,3852,513,56583,11,9,0.8528788971762381,1,Employed,Rent,0
62,146678.0,17014,464,33998,5,4,0.6535424563444978,1,Employed,Rent,1
55,94532.0,28042,819,27230,6,6,0.9416637348473902,1,Self-Employed,Own,0
27,101994.0,34755,583,9076,4,4,0.6338196974678868,1,Unemployed,Rent,0
36,76133.0,41390,816,69341,10,4,0.2643197998490753,1,Unemployed,Boarding,0
46,,24711,463,31085,6,8,0.8130826494856042,1,Employed,Own,0
68,145055.0,27122,363,55571,7,2,0.28962499831568284,0,Employed,Boarding,1
69,81268.0,10160,390,14715,9,5,1.0596340196902962,1,Employed,Rent,0
22,112201.0,28213,416,5750,10,0,0.7744278629761655,0,Employed,Rent,0
21,58243.0,40420,566,78768,7,9,0.2729242719126497,1,Unemployed,Own,0
68,77384.0,8421,439,35903,6,4,1.1585718632293274,1,Employed,Own,0
32,51653.0,22400,545,72489,1,7,0.6702020096688526,1,Employed,Own,0
25,46657.0,34537,694,32093,2,4,0.1801882970588205,1,Employed,Own,0
57,59952.0,18727,786,91036,1,8,0.7895161948565739,1,Employed,Rent,0
52,42180.0,47882,775,87954,9,5,0.37851879771409125,1,Self-Employed,Own,0
29,117432.0,5358,816,34314,10,7,0.9840627970650325,1,Employed,Own,0
61,141829.0,29482,483,48225,10,9,0.9996042809228096,1,Employed,Boarding,0
55,148377.0,33117,319,87985,9,7,1.176842091440128,1,Employed,Own,0
39,98411.0,24164,823,83014,7,2,0.6520564841269539,0,Employed,Own,0
68,21622.0,32910,828,35179,13,6,0.6004525677005108,1,Employed,Own,0
36,68756.0,33496,446,25338,2,6,0.9288231659911286,1,Employed,Own,0
23,60809.0,45311,603,92435,6,9,0.2457177219761192,1,Employed,Rent,0
40,36725.0,30371,527,69681,11,5,0.7016070651724365,1,Self-Employed,Rent,0
44,81396.0,39467,401,32101,4,6,0.700872360143936,1,Unemployed,Rent,0
53,71226.0,18625,716,2775,1,1,0.19842043509142593,0,Unemployed,Own,1
44,126296.0,34893,515,97183,1,8,0.5597824940576048,1,Unemployed,Rent,0
31,101182.0,11793,706,45619,12,9,1.0386132784239221,1,Employed,Own,0
69,102565.0,32007,698,45838,5,9,1.0417689841941262,1,Employed,Own,0
28,49402.0,26766,798,19539,12,0,0.2091614314116491,0,Employed,Own,1
56,24263.0,40532,764,57124,2,0,0.19979297102261395,0,Unemployed,Own,0
58,143489.0,13323,381,65149,4,2,0.3889650247021288,0,Student,Own,0
60,116523.0,46799,664,26616,1,2,1.0622426688093927,0,Unemployed,Own,0
40,66828.0,47820,462,79655,4,0,0.24179284358084882,0,Employed,Boarding,0
55,140824.0,46408,347,90695,11,6,0.8919964828901907,1,Unemployed,Own,0
68,,8843,810,54567,6,3,0.21128218157441353,1,Employed,Own,0
45,94182.0,15210,628,37099,10,9,0.7854516391226078,1,Employed,Own,0
55,113065.0,17456,415,75831,4,1,0.4916740290310593,0,Employed,Rent,0
45,79052.0,32367,636,61799,1,9,0.9678053592624536,1,Employed,Own,0
49,31664.0,11106,446,90221,7,4,0.3570594937078999,1,Employed,Rent,0
38,55737.0,38957,622,25479,14,5,0.8031220123289557,1,Employed,Boarding,0
66,121332.0,3472,742,46172,2,8,0.35925078803347343,1,Employed,Own,0
38,109563.0,7704,312,99165,9,3,0.8850263114233691,1,Employed,Own,0
22,49373.0,4713,793,55863,13,1,1.0610458380168235,0,Unemployed,Own,0
55,137369.0,6051,586,42043,3,4,0.23948197903943602,1,Employed,Rent,1
36,56397.0,11756,413,82569,8,2,1.0532552574550538,0,Employed,Own,0
61,148575.0,3475,779,15408,13,1,0.7529327798557276,0,Self-Employed,Own,1
56,106145.0,37378,321,57980,8,0,0.23982153995372635,0,Unemployed,Own,1
53,121371.0,5255,648,82956,3,9,0.5702960408956832,1,Employed,Rent,0
24,58709.0,15484,619,16351,4,1,0.27694632283360765,0,Employed,Own,1
53,136074.0,35503,425,4131,2,5,0.8703826777532263,1,Employed,Own,0
34,81120.0,9258,576,44825,4,7,0.9347549478597444,1,Employed,Rent,0
41,39250.0,41747,503,11349,11,2,0.21637617230007883,0,Employed,Rent,0
68,41172.0,36196,493,60931,11,8,0.6567538379641087,1,Unemployed,Rent,0
40,31555.0,46113,846,44254,11,8,0.9960875616285088,1,Employed,Own,0
28,107410.0,41194,585,38225,14,1,1.129779345706096,0,Self-Employed,Rent,0
27,98617.0,9533,356,12453,9,7,0.664869653415947,1,Unemployed,Rent,0
23,73276.0,33581,602,18814,2,9,1.1453071459725477,1,Unemployed,Own,0
37,77492.0,6249,462,18263,12,4,0.6892578675016326,1,Employed,Rent,0
53,73002.0,20201,318,77694,12,3,0.5336095440598987,1,Unemployed,Own,0
68,140103.0,10686,669,15735,13,9,1.033023441408185,1,Employed,Boarding,0
32,144938.0,47877,563,15830,3,4,0.6422809815038979,1,Employed,Own,0
42,109599.0,33007,412,47893,11,3,0.6190927616209753,1,Employed,Rent,0
42,92355.0,1661,787,44673,11,7,0.639343738350811,1,Employed,Own,0
66,,45843,626,89462,4,3,1.0314635020567198,1,Self-Employed,Boarding,0
50,44762.0,31137,841,45066,5,9,1.0151356958568574,1,Employed,Own,0
58,31046.0,48556,364,3373,1,5,0.5438719916842323,1,Employed,Boarding,0
58,116999.0,43828,591,10335,7,1,0.4666298458575775,0,Employed,Boarding,1
65,144130.0,49604,324,23741,14,4,0.6411208264430421,1,Employed,Own,0
28,,11526,848,10692,10,5,0.7300497607108198,1,Employed,Rent,1
47,48769.0,4374,300,47295,7,4,0.3621709316907966,1,Self-Employed,Boarding,0
47,73302.0,26592,848,45541,9,1,0.9733505931871496,0,Employed,Own,0
54,43150.0,29982,440,34057,4,6,0.6351310423056651,1,Employed,Own,0
41,88247.0,1207,487,66983,14,3,0.46745010326195546,1,Employed,Rent,0
50,24853.0,36433,427,19583,14,7,0.21750309226038966,1,Employed,Own,0
53,114613.0,24197,500,22765,6,6,0.3627296764439676,1,Employed,Own,0
48,140900.0,34400,426,59287,11,6,1.144209288931582,1,Employed,Own,0
67,109399.0,4083,556,23906,2,8,0.43560965550147923,1,Student,Own,0
53,41792.0,30328,846,85103,12,0,0.28574521830373883,0,Employed,Own,0
25,79129.0,47479,493,79675,12,9,0.6067400708204924,1,Employed,Own,0
68,126019.0,43891,403,46525,14,5,0.4377965176962735,1,Employed,Rent,0
39,94478.0,21103,834,38230,4,5,0.13867517529831358,1,Unemployed,Rent,1
24,133811.0,40891,564,19520,2,5,0.4554597390073589,1,Employed,Own,0
55,134130.0,11754,683,85238,10,5,0.6985194863334153,1,Employed,Rent,0
69,87298.0,35447,559,51934,5,9,0.7068836092219635,1,Self-Employed,Rent,0
37,51987.0,16901,713,25566,7,6,0.4922148132945775,1,Employed,Boarding,0
64,35850.0,34004,657,73193,13,9,0.5920330318778606,1,Employed,Own,0
48,32112.0,8446,374,30134,1,5,1.162069710058243,1,Employed,Own,0
50,141789.0,38211,654,10345,10,0,0.5150833249533427,0,Employed,Boarding,1
49,44058.0,49231,487,41185,10,2,0.38404949458598125,0,Employed,Boarding,0
66,65420.0,30301,589,92949,7,1,0.36781374847343606,0,Employed,Rent,0
26,58890.0,27116,344,70744,10,5,0.6035410739745475,1,Employed,Rent,0
55,86017.0,42323,382,33455,13,7,0.9354721635886384,1,Employed,Own,0
61,67304.0,19752,422,28018,6,2,0.3265870026073205,0,Employed,Rent,0
57,52921.0,33376,657,54219,6,9,0.8802257398548448,1,Unemployed,Own,0
44,125921.0,17669,827,45991,12,7,0.12326480568435791,1,Self-Employed,Own,1
49,21524.0,33916,365,73616,8,7,0.5608262757823406,1,Self-Employed,Rent,0
69,120424.0,14395,674,87438,8,4,0.9534515717230654,1,Employed,Own,0
66,35048.0,21421,461,9486,6,7,0.4726062513518745,1,Employed,Own,0
51,55111.0,27342,679,38862,3,5,0.7201108115899393,1,Employed,Boarding,0
55,57904.0,5895,657,58870,5,4,0.32547715610850186,1,Employed,Own,1
53,74912.0,12023,487,86694,2,8,0.9161949302387894,1,Student,Boarding,0
41,54008.0,11699,621,43856,14,6,0.15750701359563557,1,Employed,Boarding,0
52,20060.0,10715,749,86055,5,7,1.0377969093630504,1,Employed,Rent,0
43,94666.0,20169,773,31379,14,0,0.318016025063835,0,Employed,Own,1
53,103559.0,17163,312,64729,9,1,1.0618378348791637,0,Employed,Own,0
23,75337.0,6782,483,28378,10,7,0.48778216543056907,1,Employed,Own,0
38,130616.0,23641,410,54353,1,8,0.8949519319219351,1,Employed,Own,0
45,33350.0,19792,807,49996,10,3,0.4511478275648073,1,Employed,Own,0
62,44354.0,36585,589,14031,5,9,1.0965028383581121,1,Unemployed,Boarding,0
51,65186.0,31682,594,80072,12,9,0.2393008380702118,1,Employed,Own,0
23,48145.0,48864,750,65982,6,8,0.29637176819985855,1,Unemployed,Rent,0
60,,19880,514,36683,14,3,0.6423331376746825,1,Self-Employed,Own,0
66,106123.0,39067,326,17618,11,9,0.19013228294196072,1,Employed,Rent,0
44,126667.0,43685,530,6587,7,9,0.3155782031719381,1,Self-Employed,Boarding,0
52,95186.0,19073,620,62790,9,9,1.1381430204332157,1,Employed,Own,0
67,105469.0,37035,532,31480,6,8,1.174138627262676,1,Student,Own,0
42,40581.0,38174,736,98530,5,6,0.5138852622634641,1,Employed,Rent,0
43,108929.0,25837,832,20527,12,1,1.1156146231153292,0,Employed,Rent,1
22,43051.0,18826,702,23569,7,8,0.6993071432407748,1,Employed,Rent,0
47,71474.0,25981,352,11151,13,3,0.3967167124611437,1,Employed,Own,0
62,111748.0,11382,612,71094,1,7,0.8726385931886584,1,Student,Own,0
22,145995.0,5437,580,59174,11,6,0.8247919872323428,1,Employed,Boarding,0
46,134618.0,6435,330,44739,14,6,1.1880378510196066,1,Employed,Boarding,0
37,89626.0,25819,636,32954,5,7,0.3915520161502116,1,Employed,Own,0
60,26960.0,37875,482,35303,2,0,0.8392654529279089,0,Unemployed,Rent,0
53,55772.0,32982,322,34700,4,4,0.1572261305323916,1,Employed,Own,0
29,41520.0,34328,843,93036,7,1,0.22501064256639133,0,Employed,Own,0
63,69481.0,13329,745,67568,5,1,0.10431021244620259,0,Employed,Own,1
68,56408.0,26169,373,66788,12,0,1.1994067491656404,0,Self-Employed,Own,0
59,114006.0,22932,309,71045,6,4,0.9825010668622254,1,Employed,Rent,0
49,148496.0,35594,783,37842,2,1,0.9653953162068948,0,Employed,Own,1
62,77134.0,12421,755,13900,3,3,0.6606986828169976,1,Employed,Own,1
46,40491.0,46033,459,80059,7,2,0.4300737911959839,0,Self-Employed,Rent,0
55,21341.0,8629,313,1881,11,2,0.2663907129089435,0,Employed,Rent,0
45,64623.0,9325,477,33037,2,1,0.41314221273110996,0,Employed,Rent,1
44,110327.0,29495,711,1630,12,5,0.513568344122053,1,Employed,Boarding,0
33,20338.0,32750,352,20789,6,1,0.9319411066783233,0,Unemployed,Own,0
27,91431.0,30619,707,88059,5,7,0.6936279677934676,1,Unemployed,Rent,0
56,,41461,321,83494,10,7,0.18523198921103096,1,Employed,Rent,0
65,71860.0,9264,329,46151,1,4,0.11983190985480346,1,Employed,Rent,0
40,31344.0,13686,559,48920,12,9,0.21256539748746944,1,Employed,Own,0
21,21750.0,47484,504,67231,11,6,0.5515485850671172,1,Employed,Own,0
28,74756.0,25226,358,80357,10,3,1.12651220875392,1,Employed,Rent,0
66,87957.0,7721,770,3262,11,0,0.8011427293301436,0,Employed,Own,1
36,125423.0,21609,765,66981,4,1,0.9820084898630665,0,Employed,Rent,1
34,78053.0,8373,311,81972,11,9,0.6130120539550034,1,Unemployed,Rent,0
32,90855.0,39675,589,75485,2,9,0.497832691514547,1,Employed,Rent,0
43,35896.0,49895,653,54722,4,3,0.21924040998828498,1,Employed,Rent,0
35,75761.0,29937,374,89499,1,0,1.0635263244048254,0,Employed,Rent,0
48,,6656,740,50818,2,7,0.961476031930693,1,Employed,Own,0
54,,9984,540,29932,13,8,0.28492990735749757,1,Employed,Rent,0
22,97454.0,30984,453,6901,8,3,0.6634866202638865,1,Employed,Rent,0
52,146522.0,9286,395,99023,6,9,0.6361122887133693,1,Employed,Own,0
43,138681.0,6901,593,8597,2,2,0.7876007079551813,0,Self-Employed,Own,1
42,110600.0,32552,508,63909,12,1,1.1408055833903874,0,Unemployed,Own,0
45,142732.0,26709,642,72391,6,4,0.7377485859387275,1,Employed,Boarding,0
42,132153.0,32055,387,84214,10,2,0.6942389934564803,0,Employed,Own,0
42,142926.0,38685,689,8263,9,9,0.15535522622813033,1,Employed,Rent,0
69,47935.0,9429,624,63293,7,6,0.16919822361982634,1,Employed,Own,0
62,,15716,456,25805,9,5,0.30608147045946776,1,Employed,Own,0
26,49711.0,49563,436,91679,5,0,0.1357178488609231,0,Self-Employed,Rent,0
35,90342.0,12138,727,11874,7,7,0.9176881851270136,1,Student,Own,0
63,126896.0,36298,751,93065,11,1,0.8956633343933593,0,Unemployed,Rent,1
57,32182.0,24429,440,86402,14,4,0.2496618578748072,1,Employed,Rent,0
53,107833.0,6772,382,14079,7,8,1.0196867908748088,1,Unemployed,Rent,0
28,76276.0,49244,476,49850,12,7,0.2702646383307231,1,Self-Employed,Own,0
64,39541.0,49519,497,72779,12,1,0.43129314569709465,0,Employed,Rent,0
64,114457.0,36732,720,95408,3,8,0.3738745890775015,1,Employed,Rent,0
25,102310.0,40905,700,9018,7,4,0.5095378084303526,1,Self-Employed,Rent,1
59,64813.0,18347,770,49500,1,9,0.38013014247895804,1,Employed,Own,0
24,57198.0,17920,517,12100,9,5,0.6378460190822972,1,Employed,Rent,0
26,28820.0,32822,474,57021,10,2,0.548148669490154,0,Employed,Boarding,0
65,44070.0,47659,322,19800,13,2,1.1852264398572592,0,Employed,Rent,0
52,89768.0,41108,534,63400,6,9,0.16151898514104823,1,Employed,Own,0
50,31122.0,24563,312,92446,5,7,0.25639951402608674,1,Unemployed,Own,0
67,100559.0,8967,400,29437,7,9,0.15810848329946273,1,Employed,Own,0
55,93543.0,46183,835,76537,5,9,0.7884253144806133,1,Employed,Own,0
60,103441.0,12871,822,46675,10,1,0.15996020515509154,0,Employed,Own,1
36,,29763,751,19942,5,1,1.0200837111137355,0,Employed,Own,0
33,114934.0,12916,730,20862,11,4,0.6631324937501205,1,Employed,Rent,0
62,119804.0,9734,832,11669,10,5,0.679708387039687,1,Employed,Own,0
50,26737.0,34613,592,53772,11,1,0.7177539584834135,0,Employed,Rent,0
39,56062.0,29179,400,15916,7,4,0.2878950769368318,1,Employed,Own,0
37,74237.0,36262,801,10878,10,6,0.31745933342593624,1,Employed,Own,0
39,,13677,603,2985,7,9,0.45069905516030506,1,Employed,Own,0
48,45510.0,19268,839,97905,13,9,0.7528460574040364,1,Employed,Own,0
46,39426.0,13330,654,73648,11,7,0.33112955353423595,1,Employed,Rent,0
57,57265.0,21733,602,41235,3,6,0.22796489984658735,1,Student,Rent,0
46,37850.0,38947,795,18931,3,7,1.1671285750602753,1,Employed,Own,0
43,138249.0,28286,526,92876,10,8,0.12417999629058521,1,Employed,Own,0
29,86150.0,7610,535,336,12,4,0.9829671458696236,1,Employed,Own,0
32,107312.0,7430,754,42933,13,4,0.9668386645325242,1,Employed,Rent,0
21,109613.0,40922,312,84899,3,9,0.42693552522960554,1,Student,Rent,0
21,94910.0,14828,509,45536,6,3,0.24918927760804474,1,Employed,Rent,0
67,72375.0,43913,696,69504,12,8,0.26019151137596574,1,Employed,Rent,0
54,141826.0,32497,399,99214,6,4,0.8671747789609117,1,Employed,Rent,0
52,55435.0,40256,330,51148,13,1,0.8070872501947909,0,Employed,Own,0
68,116443.0,37618,827,16279,13,9,0.9610202416765253,1,Self-Employed,Own,0
45,77132.0,47332,628,68665,3,7,1.131229289639015,1,Employed,Boarding,0
60,98945.0,27526,465,71386,3,6,0.8611200995932511,1,Employed,Rent,0
65,102050.0,31158,758,86124,8,7,0.2714366902065878,1,Employed,Rent,0
21,149828.0,26032,399,77485,8,2,0.3677868784419517,0,Employed,Rent,0
36,115402.0,38846,472,74055,7,3,1.0264131039604258,1,Unemployed,Own,0
59,22983.0,45936,461,91911,10,4,0.3302366834176294,1,Employed,Rent,0
25,117241.0,30794,562,98618,4,5,0.17977454864992953,1,Employed,Rent,0
42,40662.0,6448,573,77273,4,0,0.8736080594464753,0,Employed,Own,0
49,,29861,302,66670,3,3,0.5427789910391562,1,Employed,Rent,0
23,98187.0,29141,327,76474,5,9,1.112044057800494,1,Employed,Rent,0
32,60998.0,10074,625,54028,3,4,0.8152805782030276,1,Employed,Own,0
46,76846.0,7406,448,90022,13,6,0.1994608755708268,1,Employed,Own,0
36,114071.0,32823,839,91632,8,4,1.1426422239790268,1,Employed,Own,0
57,26640.0,24291,787,71128,7,0,0.3844129900042704,0,Employed,Rent,0
42,64547.0,42568,737,18108,13,6,0.4709337394469143,1,Student,Own,0
49,74620.0,33003,364,52495,3,7,0.5424864550518962,1,Employed,Rent,0
34,35317.0,47851,655,82806,9,6,0.1563467260447446,1,Employed,Rent,0
48,135608.0,35406,832,93185,12,3,0.6461669644536653,1,Employed,Own,1
25,27564.0,24312,551,76533,14,7,0.23565034018282147,1,Employed,Boarding,0
67,47345.0,44108,534,99025,13,4,0.5410673593571869,1,Employed,Boarding,0
69,133824.0,2382,526,56830,5,9,0.4857807667912927,1,Self-Employed,Own,0
50,114223.0,35171,824,74640,9,8,0.9501240917691536,1,Employed,Own,0
66,143372.0,42779,612,52509,7,9,0.9834875627960041,1,Employed,Boarding,0
25,99273.0,4292,348,66406,7,4,0.2687541706279968,1,Employed,Boarding,0
32,94859.0,42779,417,94220,6,0,0.5032063061171488,0,Employed,Own,0
36,100765.0,34187,353,39519,2,8,0.5106884771350149,1,Employed,Own,0
46,130017.0,13411,343,49649,9,4,0.26655148832969355,1,Self-Employed,Own,0
46,94038.0,38285,352,34524,6,5,0.9782988555563095,1,Employed,Boarding,0
68,143618.0,16422,824,96493,8,3,0.8779511611689654,1,Employed,Own,0
41,72393.0,43468,401,33885,1,5,0.3094199649267382,1,Employed,Rent,0
59,86081.0,33371,697,44369,5,7,0.5033940994531789,1,Employed,Rent,0
56,145341.0,6693,437,95402,12,2,0.21638552734216565,0,Employed,Own,1
53,122650.0,34535,686,30676,1,4,0.7910272568023482,1,Employed,Rent,0
50,49430.0,15818,410,64093,10,1,0.23350911700348162,0,Employed,Own,0
57,95532.0,32238,316,47764,11,1,1.1845275854874096,0,Employed,Rent,0
43,47788.0,31874,481,50799,14,6,0.9587502821566485,1,Employed,Own,0
30,115505.0,27715,835,79414,8,9,0.5292624045423945,1,Employed,Rent,0
25,68543.0,28605,840,93095,8,9,0.7364203255072898,1,Employed,Rent,0
56,33919.0,35317,470,72307,1,9,1.1024759978380496,1,Employed,Own,0
54,89346.0,32174,708,82062,9,5,0.7095092084354087,1,Employed,Own,0
51,116122.0,10956,677,95432,2,3,0.29194833503775064,1,Employed,Own,1
30,59974.0,39908,487,31923,12,4,0.5165736911392752,1,Employed,Own,0
39,127309.0,11837,529,78388,9,0,1.02745935153272,0,Unemployed,Rent,0
52,,4716,418,47574,1,6,0.8086343175885796,1,Employed,Rent,0
21,65084.0,5481,455,43391,12,7,0.8157968227671802,1,Employed,Own,0
25,49629.0,25282,764,53664,10,8,1.053503634257338,1,Employed,Rent,0
65,71184.0,7548,403,67384,14,7,1.083370363208755,1,Employed,Rent,0
24,,38605,801,31027,14,4,1.11177182895738,1,Employed,Rent,0
36,147293.0,8758,474,35464,9,2,0.20433411257847173,0,Employed,Own,1
44,93972.0,44668,720,34485,4,9,0.6985386021594109,1,Employed,Own,0
36,82187.0,24177,433,19456,9,8,0.9145604733401503,1,Employed,Own,0
22,32984.0,25022,690,74795,7,5,0.9326195296397151,1,Employed,Rent,0
69,53039.0,41761,800,35554,11,4,0.7673878221670042,1,Self-Employed,Own,0
48,105431.0,6542,332,46922,6,2,0.2834660687020416,0,Employed,Own,0
52,103691.0,26476,354,13409,5,5,0.9771626093358307,1,Employed,Own,0
47,78606.0,31784,818,69327,11,2,0.8921224668664401,0,Employed,Rent,0
40,30616.0,23740,311,91400,9,9,0.1947493487039399,1,Employed,Own,0
44,122665.0,25817,827,36639,2,5,0.6101908071418138,1,Employed,Own,0
32,125373.0,48596,672,63627,14,3,0.2913751394739839,1,Employed,Own,0
55,70072.0,17052,783,83424,13,1,0.471224750284269,0,Employed,Own,0
53,44574.0,36153,527,19692,11,7,0.11988920142625398,1,Employed,Rent,0
53,23430.0,48076,606,89037,14,3,0.540362855251834,1,Unemployed,Own,0
63,139123.0,1671,756,78840,12,8,0.7048646132718314,1,Student,Own,0
57,32676.0,1163,459,54200,2,6,0.7815408521097954,1,Employed,Rent,0
32,30816.0,42424,630,93063,11,1,0.8298393796415809,0,Employed,Own,0
23,52733.0,45002,524,57415,12,3,1.019920444412706,1,Employed,Own,0
21,105680.0,5795,803,18074,9,4,0.337009198003303,1,Employed,Rent,1
53,22050.0,11634,755,15549,12,2,0.23253000468231472,0,Employed,Own,0
60,129996.0,5798,344,29963,3,8,1.0366908890877182,1,Employed,Own,0
30,53933.0,23420,513,91456,8,4,0.27227409638191485,1,Unemployed,Own,0
63,44951.0,30300,358,96362,11,1,1.1722360894698147,0,Employed,Own,0
64,52413.0,25345,494,52265,9,2,1.0267920523385006,0,Employed,Rent,0
49,54801.0,11749,788,16061,8,8,0.650964266478559,1,Employed,Rent,0
33,75619.0,39595,456,58226,4,6,1.1795635674142277,1,Self-Employed,Rent,0
32,52913.0,26121,525,28810,12,1,0.20711440201880463,0,Employed,Own,1
51,132573.0,38487,711,60006,1,8,0.4333723372926118,1,Employed,Own,0
66,139076.0,29411,504,22800,4,3,0.8020468565446724,1,Employed,Rent,0
22,60600.0,34361,378,75476,14,8,0.48500755532049655,1,Self-Employed,Boarding,0
55,77775.0,22223,423,69460,9,1,1.121209807178871,0,Employed,Own,0
43,110816.0,8394,770,57767,2,9,0.1721886969955993,1,Unemployed,Own,0
37,149972.0,15056,517,28054,3,3,0.704353015267061,1,Employed,Own,1
46,110093.0,29380,815,75319,10,4,0.7499528941346258,1,Employed,Own,1
28,132590.0,27035,403,45397,8,1,0.8180009361549464,0,Employed,Own,0
49,55400.0,31620,692,13233,6,9,0.3812328456649958,1,Employed,Own,0
46,24494.0,20877,733,90020,8,0,0.5010230702718509,0,Employed,Rent,0
30,,44404,630,25068,7,6,1.0280485826314754,1,Unemployed,Rent,0
46,142744.0,31911,442,65727,14,9,0.3144370458671758,1,Employed,Own,0
54,109431.0,33784,839,90610,13,0,1.0095546318906983,0,Employed,Own,0
61,94691.0,4191,577,70453,13,7,0.7189209651930165,1,Employed,Rent,0
27,117419.0,34160,532,25832,5,2,0.9384062623134902,0,Employed,Own,0
24,128730.0,26000,828,86242,9,9,0.8849681028898185,1,Employed,Rent,0
65,63001.0,40040,389,13682,4,5,0.3282626449233669,1,Employed,Own,0
31,87364.0,4631,791,92298,6,6,0.7256940100772601,1,Employed,Rent,0
49,144988.0,7172,498,23383,2,9,1.0544954680856016,1,Employed,Own,0
56,65028.0,43080,661,58160,2,0,0.5753278604821223,0,Student,Own,0
45,127434.0,24561,740,93332,2,5,1.1632498472456483,1,Employed,Own,0
41,117659.0,25817,325,23666,10,6,0.5974366101118899,1,Self-Employed,Own,0
56,57573.0,21281,324,58817,7,5,0.25706420033467314,1,Employed,Own,0
30,20806.0,29671,693,91198,13,3,0.5283781480854405,1,Employed,Rent,0
57,144343.0,26364,806,34642,2,0,1.146872647029591,0,Employed,Own,1
29,76638.0,42674,600,41830,12,8,0.4516929342738396,1,Employed,Own,0
44,148301.0,28425,638,10234,13,3,1.054907975853769,1,Unemployed,Rent,0
55,146295.0,29602,566,57616,2,6,1.0693757498500787,1,Employed,Rent,0
69,126506.0,24253,760,9221,9,6,0.4852051767651572,1,Employed,Boarding,1
55,49757.0,24472,755,11410,7,1,0.19158342385569532,0,Unemployed,Rent,1
68,,9080,659,80055,11,0,0.8970137000746999,0,Employed,Own,0
56,100097.0,8099,367,61413,3,7,0.44266352891538463,1,Employed,Rent,0
38,68280.0,26431,711,1051,3,7,0.9612159756833295,1,Employed,Boarding,0
69,44262.0,32186,790,75301,7,6,0.5869203330864764,1,Self-Employed,Rent,0
59,,48684,348,76918,5,7,0.6337934165768836,1,Employed,Own,0
52,82211.0,31111,401,78116,10,2,0.9557003474233904,0,Employed,Own,0
44,74842.0,40851,515,56563,14,1,0.5205996641677907,0,Employed,Own,0
43,148583.0,23614,737,97859,14,6,0.587440079855206,1,Unemployed,Rent,0
52,76979.0,27724,458,44757,6,7,0.5138095156465843,1,Employed,Rent,0
57,134524.0,42991,788,77475,13,0,0.504074566805008,0,Employed,Rent,1
32,101470.0,5940,541,51257,12,9,0.6785412345916052,1,Employed,Own,0
69,58197.0,29758,304,95500,8,8,0.9896793889512656,1,Unemployed,Rent,0
33,61844.0,37224,660,307,9,3,0.4979451431148224,1,Self-Employed,Rent,0
43,84754.0,8788,758,56889,1,3,0.6766801925915102,1,Student,Own,0
45,121868.0,29082,547,68895,3,2,0.8378000579868607,0,Employed,Rent,0
55,54157.0,25034,721,95184,11,5,0.39638339093402053,1,Employed,Own,0
61,97129.0,36479,314,35944,7,0,0.4052750853926318,0,Employed,Rent,0
50,,12280,421,99555,6,5,1.1267544397258002,1,Self-Employed,Rent,0
37,81665.0,19052,576,38134,7,1,0.8958880306641973,0,Employed,Rent,0
69,135512.0,17531,752,27323,8,8,0.7349053438456397,1,Employed,Rent,0
40,136953.0,23804,689,71762,6,1,0.812492059862673,0,Self-Employed,Rent,1
68,102856.0,29903,593,87225,3,6,0.1322293874137602,1,Employed,Own,0
45,47376.0,45857,745,96507,2,0,0.7799132621178665,0,Employed,Own,0
42,129049.0,11142,509,25954,12,6,0.660459760546622,1,Employed,Rent,0
33,75554.0,49355,601,55021,7,4,0.7003246477573791,1,Employed,Own,0
39,34199.0,10866,522,89959,12,7,0.49536620951389876,1,Self-Employed,Own,0
69,138533.0,5531,302,95927,12,3,0.18962128748423607,1,Employed,Rent,0
56,101412.0,46454,817,79866,12,9,0.31267315697325737,1,Employed,Rent,0
32,70948.0,39098,392,70427,11,6,1.145819184533939,1,Employed,Own,0
61,93781.0,39278,819,4992,1,5,0.5495695184980273,1,Employed,Own,0
39,92750.0,29138,727,1961,3,4,0.6133514714139505,1,Employed,Own,0
32,86262.0,28065,792,12497,12,3,0.1579807688387829,1,Employed,Own,1
29,137424.0,30956,534,32551,11,6,0.14132285249837864,1,Employed,Own,1
27,66600.0,42732,460,76384,4,4,0.8888995917514333,1,Employed,Rent,0
48,96898.0,40261,630,55755,13,4,0.6919041305332223,1,Employed,Own,0
34,82483.0,11759,632,13255,14,0,0.6595765826378932,0,Employed,Own,1
51,38297.0,6439,349,4567,1,1,0.3674369834649355,0,Self-Employed,Own,0
39,50448.0,48241,822,48847,5,4,0.9192258047929144,1,Self-Employed,Boarding,0
67,46172.0,43533,791,48003,10,2,0.285060237019341,0,Self-Employed,Own,0
36,62874.0,29270,571,20389,3,1,0.308928218027122,0,Employed,Own,1
25,27657.0,14279,551,44523,2,3,0.606783388483103,1,Employed,Own,0
55,104386.0,40279,389,61576,3,3,0.414907848323135,1,Employed,Rent,0
32,145617.0,45251,745,43919,8,3,0.372209279356461,1,Employed,Rent,1
45,45425.0,24888,631,82103,6,3,0.8097614090086647,1,Employed,Own,0
41,46685.0,18630,438,3358,13,2,0.8160689197403989,0,Employed,Own,0
56,142000.0,36144,656,88535,14,6,1.006968776779922,1,Student,Own,0
43,132855.0,32182,573,76524,7,8,0.5594794236702734,1,Employed,Rent,0
36,44578.0,26538,318,97057,12,4,0.18039360012876526,1,Employed,Rent,0
59,48831.0,12824,610,5698,6,3,0.40103302341360336,1,Self-Employed,Own,1
65,27906.0,33125,453,66809,6,1,1.1780060095164986,0,Employed,Own,0
62,81413.0,7979,689,93079,12,1,0.7558844327559722,0,Self-Employed,Own,0
59,74028.0,27189,559,55805,3,4,0.8807107932811222,1,Self-Employed,Own,0
34,27287.0,43600,424,31349,12,6,0.108093612587956,1,Unemployed,Rent,0
51,53660.0,13504,653,76777,13,9,0.6700263054007729,1,Employed,Own,0
25,95758.0,21669,572,50248,14,9,0.14128152328498345,1,Employed,Own,0
55,80504.0,7910,544,75033,8,8,0.7261532333005927,1,Employed,Own,0
43,79720.0,47857,749,98239,12,6,1.112847934599683,1,Employed,Boarding,0
49,122979.0,35964,546,44041,7,4,1.1652610435504487,1,Employed,Rent,0
63,54701.0,21131,819,31954,7,9,0.6946079429278165,1,Employed,Own,0
31,103300.0,26227,440,8002,6,9,0.6040252857774375,1,Employed,Own,0
38,130177.0,6978,661,69783,5,9,1.1395188036733435,1,Employed,Own,0
67,37674.0,22991,307,87234,10,5,0.8409708151963645,1,Self-Employed,Own,0
32,,18153,777,19738,8,2,0.1713892074922504,0,Self-Employed,Own,1
29,131543.0,34548,651,10703,5,4,0.6122981354342473,1,Employed,Rent,1
30,43874.0,43676,794,49422,9,7,0.36426952031073423,1,Employed,Rent,0
64,63642.0,40071,726,83106,9,0,0.6167847535935497,0,Self-Employed,Rent,0
37,143867.0,48454,338,61899,1,0,0.6010121292069979,0,Employed,Own,0
58,117820.0,4983,486,12392,6,6,0.7403592830962161,1,Unemployed,Rent,0
27,85160.0,10503,392,44724,7,4,0.4924475393841763,1,Unemployed,Rent,0
66,37602.0,30921,385,32299,3,4,0.2806974944015208,1,Employed,Own,0
33,123320.0,17905,343,15641,7,0,0.6540913780489518,0,Self-Employed,Own,0
60,108801.0,46838,436,79534,11,8,1.0132231727803382,1,Employed,Own,0
62,45931.0,24953,720,6305,11,0,0.8304134508743625,0,Employed,Own,0
29,,27806,373,98262,7,4,0.47220465251773736,1,Employed,Own,0
47,49192.0,46000,847,18782,14,9,1.129075325034743,1,Employed,Rent,0
22,66542.0,23168,811,78257,13,8,1.1034283283741004,1,Self-Employed,Own,0
25,147015.0,5583,455,77963,11,3,0.33028323932250864,1,Employed,Boarding,0
49,62520.0,39714,554,20566,2,7,0.14335934363239927,1,Employed,Own,0
57,84772.0,40896,470,67766,7,5,0.9154395791858383,1,Employed,Boarding,0
58,78762.0,12889,469,6511,1,2,1.0103712874840685,0,Self-Employed,Own,0
39,70106.0,28413,621,26177,5,3,1.1646510225464908,1,Unemployed,Rent,0
28,101121.0,13275,755,4765,9,1,1.0788200334971416,0,Self-Employed,Own,1
68,45559.0,3461,454,20354,7,0,0.7605882450270562,0,Employed,Own,0
65,125595.0,15291,648,23929,7,7,0.6830575731336188,1,Employed,Rent,0
21,53742.0,47804,750,28820,11,0,0.13062515638884492,0,Employed,Own,1
42,89669.0,12435,472,29523,13,0,0.37132209152925555,0,Employed,Rent,1
37,100199.0,28935,309,71088,12,3,0.605576226906219,1,Employed,Rent,0
27,41754.0,34453,564,66163,2,9,0.7913542900919245,1,Employed,Own,0
45,23972.0,19544,737,77525,8,9,0.7129770166502516,1,Employed,Own,0
65,90831.0,13258,546,13780,3,5,0.9168995886498594,1,Self-Employed,Rent,0
24,132217.0,31841,845,6589,8,8,0.40774362397574493,1,Employed,Own,1
56,61873.0,49758,798,34812,3,0,0.7214478684177205,0,Employed,Rent,0
26,114661.0,11736,428,93664,10,6,0.19695646772987135,1,Employed,Rent,0
51,126532.0,38643,626,45939,7,9,0.5550320759415276,1,Self-Employed,Own,0
39,146267.0,44950,703,51493,2,4,0.9251769162500609,1,Self-Employed,Own,0
64,29903.0,35964,658,93326,4,7,0.8627409387719482,1,Unemployed,Rent,0
59,23020.0,29044,316,40953,11,6,1.1897070108893968,1,Employed,Own,0
47,61755.0,40933,573,65785,6,3,0.40568023858653157,1,Student,Own,0
30,105956.0,16997,415,19309,11,3,0.648008229091377,1,Employed,Own,0
46,106988.0,15215,390,54195,9,5,0.4624834551513963,1,Employed,Rent,0
39,65648.0,34069,381,25901,5,5,0.5846634254650922,1,Student,Own,0
59,123537.0,24911,623,23576,13,8,1.0426451428563268,1,Employed,Own,0
23,145991.0,18030,413,31508,9,4,0.8526299827073351,1,Employed,Rent,0
65,29516.0,30334,357,74711,5,7,1.0706853104823397,1,Employed,Own,0
33,132863.0,15571,453,25464,10,4,0.32386221916507507,1,Employed,Own,1
48,135005.0,43719,703,60281,8,1,1.0606972296255817,0,Unemployed,Boarding,0
40,22396.0,29927,565,16260,13,5,0.16573850159622286,1,Employed,Rent,0
48,104082.0,21714,614,35440,13,8,1.0774592084808676,1,Employed,Rent,0
28,39129.0,44541,340,95082,1,2,0.4619811574068007,0,Employed,Own,0
61,148322.0,24387,404,56683,7,0,0.4460463967554731,0,Employed,Rent,1
59,21591.0,29444,492,41430,4,0,0.6632974343685302,0,Employed,Own,0
21,31303.0,49908,700,1987,5,2,1.134759206495555,0,Employed,Own,0
23,50561.0,20921,577,25105,6,9,0.15255950114954592,1,Employed,Own,0
33,91719.0,14057,653,78484,5,4,0.4874540725778198,1,Employed,Own,0
48,138618.0,46268,555,13026,12,2,1.0422291875516692,0,Unemployed,Rent,0
69,112108.0,25858,398,68309,1,8,0.5356599251790134,1,Employed,Own,0
45,148748.0,49689,581,45927,12,7,0.3190725873567737,1,Employed,Rent,0
53,119616.0,45638,702,75414,9,2,0.5672735994645529,0,Employed,Rent,0
58,,27062,408,57535,2,8,0.5241077516408362,1,Employed,Rent,0
26,106231.0,37850,498,42946,9,5,1.1069578216133737,1,Self-Employed,Own,0
64,27314.0,47486,602,56561,10,6,0.9381278133174067,1,Student,Rent,0
65,137071.0,21567,626,10377,2,3,0.6556271113184069,1,Employed,Own,1
52,39623.0,30739,453,53592,9,3,1.187207623393728,1,Unemployed,Own,0
65,87675.0,44285,704,7347,6,1,0.6118052844035156,0,Employed,Boarding,1
67,132992.0,4754,761,33776,11,4,0.16406161390230273,1,Employed,Own,1
41,116826.0,28044,431,3783,9,7,0.38850175399648335,1,Employed,Own,0
36,85082.0,2724,383,55798,13,6,0.5796775282412439,1,Employed,Rent,0
41,149839.0,2376,698,4298,6,6,0.2725928865607321,1,Employed,Own,1
31,103624.0,9706,408,70204,6,5,1.1423216389564472,1,Unemployed,Rent,0
57,125228.0,9894,520,86207,13,2,0.9435337875995503,0,Employed,Own,0
56,53130.0,19037,667,55161,11,4,0.3951159204705499,1,Unemployed,Own,0
55,71756.0,19450,446,60652,14,0,0.7498849868697073,0,Self-Employed,Own,0
39,117624.0,17406,411,34484,2,6,0.8935940728205292,1,Employed,Own,0
40,46292.0,30725,793,98614,8,8,1.1354068217974778,1,Employed,Own,0
38,131785.0,6926,804,20922,3,0,1.0697988840929515,0,Employed,Rent,1
67,147331.0,40019,774,34028,7,1,0.6667114487520349,0,Student,Rent,1
61,106206.0,10496,570,20316,5,2,0.9521178817723193,0,Employed,Boarding,0
69,89274.0,37068,720,76996,3,2,0.7183592292103435,0,Employed,Own,0
34,22469.0,30806,666,16968,1,7,0.707974279050094,1,Employed,Rent,0
35,,23663,579,30266,8,6,0.22621615417201107,1,Employed,Rent,0
51,42534.0,42321,582,95745,3,5,0.23875142381776726,1,Employed,Boarding,0
21,83620.0,37495,339,24000,2,9,0.6824869765247031,1,Employed,Own,0
23,68874.0,23656,488,14011,1,9,0.39574769947690724,1,Employed,Rent,0
36,69708.0,26860,463,2866,4,3,0.1231405927065155,1,Employed,Rent,1
43,94553.0,17832,835,5898,13,8,0.8951231242902334,1,Employed,Own,0
31,88344.0,39787,835,18395,8,0,0.13573525635918146,0,Employed,Rent,1
32,69138.0,49231,303,39019,13,1,0.7548045252144598,0,Employed,Own,0
30,74302.0,22727,589,4006,3,3,0.6931131735400458,1,Employed,Rent,0
52,67638.0,43815,732,34393,14,2,1.1656961596355848,0,Employed,Boarding,0
36,98249.0,30545,770,10956,1,0,0.6326344532824058,0,Employed,Rent,0
28,125865.0,45522,480,50042,4,4,0.1699615800155771,1,Employed,Own,0
58,22719.0,3520,547,96199,9,6,0.7068567645871078,1,Employed,Own,0
32,42890.0,4081,578,6078,13,1,1.0252057876777114,0,Employed,Boarding,0
44,97236.0,35196,553,29631,1,4,1.196534212709584,1,Employed,Own,0
48,56509.0,37735,480,95676,12,5,0.5733774910579796,1,Employed,Own,0
28,62534.0,40213,808,62901,14,6,0.45232861674641667,1,Self-Employed,Rent,0
48,122302.0,15566,625,69497,11,0,1.0973186266471988,0,Self-Employed,Own,1
56,112241.0,15042,656,94813,2,6,0.3103663419837335,1,Self-Employed,Own,0
46,38787.0,26498,690,41574,9,3,0.7769718065362192,1,Self-Employed,Own,0
28,146209.0,12329,384,31417,2,7,0.5462858665990424,1,Employed,Own,0
48,,32656,616,88020,13,3,0.14519060145111082,1,Employed,Rent,0
48,77932.0,3159,511,83639,3,5,0.48201732173626755,1,Employed,Rent,0
57,112124.0,38900,814,65006,7,8,0.39175137475294197,1,Employed,Rent,0
61,111659.0,20363,683,94881,3,4,0.8547002693378354,1,Employed,Rent,0
56,53062.0,48701,641,39454,9,3,1.1436695474611098,1,Self-Employed,Rent,0
47,95713.0,44241,337,1587,6,7,0.39485190611650145,1,Employed,Rent,0
37,,20033,810,54710,3,8,0.9926125330668498,1,Employed,Own,0
29,115756.0,11805,719,86567,9,3,0.16089579863225048,1,Employed,Rent,1
53,80461.0,36851,468,91748,1,2,0.6919331110437944,0,Employed,Own,0
40,,27832,642,75886,10,7,0.17760507008088405,1,Employed,Rent,0
33,86672.0,14944,605,18816,3,4,1.1274362902437032,1,Unemployed,Rent,0
48,148232.0,20873,841,85824,1,1,0.9429864086131291,0,Employed,Own,1
68,54832.0,41372,836,29432,2,9,0.8237449023250515,1,Self-Employed,Boarding,0
49,147335.0,24928,411,48617,12,8,1.0062860197871306,1,Employed,Own,0
33,51966.0,16379,710,72373,8,2,0.8122717751271794,0,Unemployed,Rent,0
66,,37751,505,34217,7,1,1.1658388368917203,0,Employed,Own,0
55,32987.0,35546,484,20884,2,0,0.8853537426512486,0,Employed,Boarding,0
26,57311.0,25286,681,5454,2,7,1.1171244705404715,1,Employed,Own,0
38,51575.0,6110,795,74960,9,2,0.6688450812117017,0,Self-Employed,Own,0
25,83852.0,13087,678,43618,13,6,0.2287708542800489,1,Student,Own,0
67,147650.0,24762,346,83948,13,0,0.6809954935653187,0,Employed,Own,1
45,21007.0,18081,827,62671,6,0,0.23956011086940263,0,Employed,Own,0
22,90981.0,35947,803,47111,5,8,0.7517428270940455,1,Unemployed,Rent,0
30,96242.0,10596,321,39613,10,7,0.6307423665804291,1,Employed,Own,0
50,67517.0,39019,512,85678,6,2,0.7848329376160598,0,Employed,Own,0
65,130022.0,43003,609,59993,9,5,0.11105167916031476,1,Employed,Own,0
25,49257.0,19313,571,8848,11,2,0.3143245408209005,0,Employed,Rent,0
53,107272.0,48639,501,78672,7,3,0.6404634751033439,1,Self-Employed,Rent,0
21,62207.0,2013,331,66125,10,0,1.1455539177480483,0,Self-Employed,Rent,0
38,33281.0,24705,742,86444,10,4,0.5219699443906742,1,Employed,Rent,0
52,81246.0,2828,461,61602,14,0,0.5668092286589981,0,Employed,Own,1
67,21435.0,8909,553,72045,9,0,0.8861656979072843,0,Self-Employed,Own,0
69,118875.0,39356,820,42222,4,9,0.7641720330147297,1,Employed,Own,0
31,120686.0,14109,779,49223,2,6,0.4288187651081665,1,Unemployed,Rent,0
41,111357.0,3023,309,65333,12,5,0.5518980351241705,1,Employed,Boarding,0
46,46660.0,15537,804,52732,8,1,0.3394697787429557,0,Employed,Own,0
45,25084.0,27661,735,49420,4,1,1.1626236050432293,0,Unemployed,Own,0
42,102197.0,39659,410,75504,13,6,0.2436978197130957,1,Employed,Own,0
47,33507.0,34848,452,2462,9,0,0.5090204630230614,0,Employed,Own,0
69,92595.0,38804,401,9460,4,1,0.1284228694420123,0,Employed,Rent,0
33,,16379,490,99319,8,7,0.343957441126901,1,Employed,Own,0
53,65539.0,28766,380,9275,9,5,0.9585182522181703,1,Employed,Boarding,0
54,135953.0,44590,788,94213,13,1,0.32129275551776737,0,Student,Own,1
61,27491.0,3563,387,13269,9,6,0.18806974278186217,1,Self-Employed,Boarding,0
55,147706.0,37060,493,65942,10,3,0.6218984978289755,1,Employed,Rent,0
21,132831.0,30197,403,72920,4,1,0.11096615820797034,0,Employed,Rent,1
41,70192.0,4586,395,22553,1,5,0.1932427698689665,1,Employed,Rent,0
68,100395.0,17087,722,24366,3,8,0.9883884565192725,1,Employed,Rent,0
26,143797.0,49868,497,44036,9,8,0.9486206793455669,1,Employed,Rent,0
48,83888.0,24225,300,17369,4,7,1.1066527024453856,1,Self-Employed,Rent,0
37,93609.0,30750,706,11795,5,2,1.0399669795018245,0,Employed,Rent,0
25,29077.0,7643,677,70021,7,2,0.8514931195637998,0,Self-Employed,Boarding,0
51,137440.0,28523,466,68154,5,1,0.15756614303072913,0,Employed,Rent,1
25,142901.0,37727,808,30143,4,4,0.9611334797853232,1,Employed,Rent,0
58,40953.0,12005,612,29425,2,3,1.0300618919246165,1,Employed,Rent,0
23,96919.0,44543,717,88209,2,6,0.9789903603491498,1,Employed,Own,0
43,134682.0,1161,776,75139,13,3,0.6593269388388285,1,Employed,Own,1
57,141041.0,17029,372,5368,13,8,0.35619202251442983,1,Student,Own,0
57,87889.0,15226,440,4621,4,1,1.0298629732575992,0,Employed,Rent,0
30,43821.0,29731,561,58829,10,5,0.8998790907141522,1,Unemployed,Rent,0
30,57567.0,44922,639,60294,13,6,1.1788372918277368,1,Employed,Own,0
39,,45848,607,14719,10,3,0.2712618575315262,1,Student,Rent,0
37,44860.0,4390,544,29227,13,5,0.3482310413572606,1,Employed,Rent,0
41,41195.0,6997,814,7566,9,6,0.3329779648696529,1,Unemployed,Own,0
34,97475.0,13693,636,12306,8,3,0.9717937443834702,1,Employed,Rent,0
29,110874.0,43092,375,53822,3,7,0.30559802609513,1,Self-Employed,Rent,0
66,,1541,474,24042,14,8,0.1733258128056367,1,Unemployed,Own,0
21,41427.0,22817,408,15086,9,0,1.1984168872441914,0,Employed,Rent,0
65,120732.0,38861,482,17387,14,6,0.12729893258966407,1,Employed,Rent,0
33,47083.0,14428,491,27042,5,8,1.018768466174752,1,Employed,Own,0
24,107046.0,44934,364,89424,11,9,0.5019035257057181,1,Unemployed,Own,0
21,77372.0,49831,773,51618,3,4,1.0257770057335966,1,Employed,Boarding,0
69,143786.0,11258,399,92050,5,1,0.7100825403322594,0,Employed,Own,1
60,64064.0,17044,843,18323,13,9,1.091794352434996,1,Employed,Own,0
52,27813.0,30411,427,18019,10,5,1.1188122850560893,1,Employed,Own,0
54,51598.0,6469,751,75426,13,6,0.1100079994088536,1,Self-Employed,Rent,0
48,132718.0,29854,668,40863,4,1,0.18295339359206708,0,Employed,Rent,1
51,146879.0,7256,342,10283,8,1,0.375394602527941,0,Employed,Rent,1
28,113106.0,11720,718,18279,13,9,0.8362469579998517,1,Unemployed,Own,0
59,47082.0,34937,787,46999,12,9,1.0770994161626566,1,Employed,Rent,0
46,49241.0,34598,377,62780,5,0,0.6059361464233589,0,Employed,Own,0
54,116214.0,2651,569,22908,10,3,0.7676704279016918,1,Employed,Own,0
23,64569.0,20194,614,61584,12,6,0.30734983807511723,1,Employed,Own,0
32,31745.0,26051,467,50225,8,8,0.9854635172698537,1,Employed,Own,0
21,46029.0,28386,638,37952,9,2,1.1640609224888168,0,Self-Employed,Rent,0
64,33025.0,10518,492,37663,4,6,0.3954588262060572,1,Employed,Boarding,0
25,121660.0,47026,752,61381,7,6,0.6443085467606009,1,Employed,Own,0
50,143395.0,17184,582,47929,2,6,0.19472772155701118,1,Employed,Rent,0
50,34288.0,34787,635,9343,6,1,0.7150503221092651,0,Employed,Rent,0
37,109186.0,22621,689,76173,8,5,0.6530617860313486,1,Self-Employed,Boarding,0
68,26540.0,11028,824,39791,12,1,0.25888013257058534,0,Employed,Own,0
67,117768.0,13448,539,29134,7,5,0.5862728344298825,1,Employed,Rent,1
43,101958.0,46253,782,47101,7,9,0.46751511729521955,1,Employed,Own,0
35,88878.0,35051,757,69443,8,2,0.6740139628357081,0,Employed,Rent,0
57,61846.0,31447,388,99111,7,1,0.744219768971679,0,Employed,Own,0
41,121148.0,19394,394,57530,5,5,0.10934513646793047,1,Employed,Rent,0
34,95932.0,35501,751,46799,7,1,0.9371065812445107,0,Employed,Own,0
22,37482.0,31254,727,4827,13,4,0.8843157210479148,1,Self-Employed,Own,0
31,43411.0,19509,450,96143,14,1,0.5029150248271744,0,Employed,Rent,0
59,70975.0,49998,813,62653,10,2,0.1582295291257001,0,Unemployed,Rent,1
58,80545.0,15472,675,13699,3,2,0.9304257937635553,0,Unemployed,Rent,0
54,132302.0,46657,321,91419,5,5,1.1506926765259458,1,Employed,Rent,0
58,98797.0,4471,612,5313,7,5,0.36416675562421563,1,Employed,Own,0
54,72307.0,42796,818,13598,9,9,0.4558770751107416,1,Employed,Rent,0
38,23093.0,31268,505,28807,2,2,0.3021941784299964,0,Employed,Own,0
50,97258.0,9329,674,70423,4,2,0.7346297356793235,0,Self-Employed,Own,1
35,42042.0,35865,750,69390,12,0,0.2703255341122004,0,Employed,Rent,0
47,72930.0,47850,478,45226,7,6,0.49181333780751735,1,Employed,Rent,0
54,137584.0,47698,509,59550,1,7,0.8667143153276892,1,Employed,Rent,0
58,64413.0,29272,799,80072,13,1,0.7161275813102831,0,Employed,Rent,0
53,133387.0,43845,763,3558,2,3,0.5251088207607287,1,Employed,Rent,1
44,113623.0,7397,423,75308,9,9,0.5622745619882961,1,Self-Employed,Own,0
35,117883.0,33373,412,50113,13,6,0.7183219708855524,1,Employed,Own,0
50,53756.0,36525,311,52999,10,7,0.10645120067587743,1,Self-Employed,Rent,0
62,73268.0,25570,425,55878,7,0,0.18636085529897084,0,Employed,Own,0
37,59214.0,19284,630,36343,12,3,1.0693838745393127,1,Employed,Own,0
25,101871.0,19994,582,58219,10,5,0.18566688800041983,1,Employed,Own,0
49,147844.0,24284,439,35186,7,2,0.8774839558315556,0,Employed,Rent,0
24,48602.0,18833,700,36966,6,4,1.1120419805199577,1,Employed,Own,0
30,73331.0,26122,396,33769,3,9,0.3977519647319042,1,Self-Employed,Rent,0
37,68901.0,6017,816,53218,10,8,0.5075405807654656,1,Unemployed,Rent,0
30,119986.0,17370,368,19229,3,2,0.7258135464291878,0,Employed,Own,0
37,83416.0,30252,417,75209,2,4,1.0698798666024432,1,Employed,Rent,0
40,52196.0,8999,358,27877,11,7,1.1360961459864622,1,Employed,Rent,0
44,148386.0,23436,332,58001,6,5,0.9135195729223947,1,Unemployed,Rent,0
25,25626.0,43963,617,97137,4,3,0.19528173694016343,1,Employed,Rent,0
54,27424.0,3096,349,38084,5,7,0.8360695710883358,1,Unemployed,Own,0
26,32857.0,49201,788,81780,3,2,0.5513340940599282,0,Employed,Rent,0
22,130459.0,26279,318,92892,6,2,0.6177710994401676,0,Employed,Own,0
33,135621.0,44363,496,16806,11,3,0.15406322937969474,1,Unemployed,Boarding,0
63,39982.0,49709,749,88635,12,8,0.310168353280994,1,Employed,Rent,0
63,96961.0,27201,751,37034,3,4,0.9695649682870124,1,Employed,Rent,0
68,21980.0,20715,588,40317,14,7,0.5993547163526457,1,Employed,Own,0
31,68290.0,30309,440,55468,14,5,0.4318284657942637,1,Employed,Own,0
67,46431.0,16078,383,19094,8,2,0.5224209813614539,0,Employed,Own,1
43,104976.0,6105,690,57796,9,7,1.039839464658248,1,Employed,Own,0
36,127288.0,30312,514,10589,4,8,0.9238989191454524,1,Self-Employed,Own,0
51,102711.0,3839,825,57221,9,7,0.3995469368991911,1,Employed,Rent,0
31,,4384,514,1657,12,3,0.22925202423361063,1,Unemployed,Own,1
36,,44619,702,98300,7,5,0.3771980438084789,1,Employed,Boarding,0
28,58158.0,43821,427,39531,3,0,1.112832096160207,0,Employed,Own,0
24,43019.0,14493,776,52227,7,3,0.7397477216347308,1,Employed,Boarding,0
60,38639.0,18069,703,3164,14,7,0.686828229619261,1,Employed,Boarding,0
24,105530.0,47907,328,93078,1,0,0.7560329596617076,0,Employed,Rent,0
45,119911.0,8531,637,83973,3,2,0.5026310923211668,0,Student,Rent,1
23,41563.0,38051,660,41247,6,0,0.9878177223514639,0,Employed,Own,0
52,59341.0,8736,691,19601,4,8,0.6756148742302747,1,Employed,Rent,0
23,135672.0,8710,517,93966,7,1,0.22842269304567508,0,Employed,Own,1
47,25776.0,2619,501,50599,14,8,0.24197163731196925,1,Self-Employed,Own,0
49,56444.0,14975,316,71545,3,3,0.6905450611528801,1,Unemployed,Rent,0
52,88916.0,46603,621,4552,1,1,1.130227239877923,0,Employed,Own,0
39,28711.0,24252,817,9417,9,3,0.4391873338438186,1,Employed,Rent,0
41,94318.0,16261,624,58579,6,9,1.05649528574514,1,Employed,Own,0
25,102970.0,2431,711,68207,8,5,0.9405051452367671,1,Employed,Own,0
38,132301.0,10067,617,72055,3,6,0.37259368719759756,1,Employed,Own,1
48,105553.0,38481,381,78270,8,2,0.1399748231478667,0,Employed,Own,0
62,50707.0,28037,773,3722,2,2,0.212031991656621,0,Employed,Own,1
42,59110.0,10557,767,70442,12,9,0.9013433272321841,1,Employed,Own,0
41,149410.0,10435,724,95632,4,7,0.3196367118447113,1,Employed,Own,0
26,81788.0,38766,503,40031,3,4,0.5083980125559331,1,Unemployed,Rent,0
21,,1162,686,79235,10,3,0.6518690826070672,1,Unemployed,Own,0
25,,35742,397,21438,1,6,0.898014985295179,1,Employed,Rent,0
61,,20675,644,58819,13,6,0.2245543455850379,1,Employed,Own,0
32,25655.0,9461,507,43856,13,8,0.5470030458052075,1,Employed,Rent,0
46,64859.0,18015,813,33576,7,8,0.6335802000569649,1,Employed,Own,0
66,73625.0,33591,465,41938,11,4,0.6949097703686935,1,Self-Employed,Own,0
54,72098.0,29047,321,49028,10,7,1.0001967055347383,1,Employed,Rent,0
69,35251.0,35782,453,59807,2,9,0.28884601454753855,1,Unemployed,Own,0
34,142413.0,10833,738,49877,4,0,0.9886145970092844,0,Unemployed,Rent,0
46,20526.0,8896,594,97783,9,8,0.8621662704663173,1,Employed,Own,0
65,88760.0,33972,518,43461,6,7,0.7114578956188552,1,Employed,Boarding,0
47,67837.0,42800,794,93474,8,5,0.869480657442829,1,Employed,Own,0
29,145133.0,31508,529,40469,2,2,0.553219512846822,0,Employed,Own,1
46,149478.0,6347,319,83136,7,2,0.252237344564937,0,Employed,Rent,0
67,31536.0,31314,447,20435,6,7,0.832341764291904,1,Employed,Own,0
42,48541.0,3643,407,84117,13,4,0.6771395373541844,1,Unemployed,Rent,0
67,99083.0,41785,702,14191,14,9,0.803312280597053,1,Employed,Own,0
50,71027.0,19681,782,84726,9,6,0.471798659131339,1,Employed,Rent,0
63,54531.0,39328,666,27386,7,4,1.0975532350738193,1,Employed,Own,0
68,28712.0,16892,713,31721,1,7,0.7461068554331345,1,Employed,Rent,0
37,124101.0,48299,608,54786,14,9,0.1939427327199612,1,Employed,Rent,0
46,85455.0,18073,433,13704,8,9,0.5947843897748715,1,Unemployed,Own,0
56,94744.0,37768,582,56635,11,3,0.9319916602179976,1,Employed,Own,0
21,,31682,372,2123,10,1,0.9735480179054995,0,Employed,Own,0
28,149749.0,33262,780,90710,3,2,0.6440567580401345,0,Employed,Boarding,1
69,25109.0,32358,651,62993,14,7,1.0842223279144312,1,Employed,Own,0
55,141332.0,15289,625,80122,2,6,0.39443528091372726,1,Self-Employed,Own,0
35,69268.0,8927,742,97512,12,1,0.5516585669620931,0,Employed,Own,0
67,120737.0,49330,399,25416,3,5,1.088456601625867,1,Self-Employed,Own,0
42,74615.0,2171,358,1814,11,8,1.0858823881187367,1,Employed,Rent,0
34,102503.0,12918,807,78537,6,3,0.8542840457071489,1,Employed,Boarding,0
46,143274.0,42903,557,50258,13,8,1.044878601834442,1,Employed,Rent,0
48,49759.0,40110,712,16508,14,1,0.19765059365185594,0,Employed,Rent,0
43,105708.0,12929,751,85166,3,1,1.0514944738285539,0,Employed,Rent,0
34,80112.0,3539,364,78916,10,8,0.45268189720524943,1,Self-Employed,Own,0
44,122471.0,37727,453,35699,5,6,0.29616466367103794,1,Employed,Own,0
22,146740.0,46951,565,46335,6,6,0.3633068199762509,1,Employed,Rent,0
65,143153.0,23669,378,46806,8,0,0.5597653588152758,0,Employed,Boarding,1
46,46589.0,6432,614,77853,7,5,0.3763112050649139,1,Employed,Rent,0
34,50015.0,21644,547,63768,14,6,0.45262434461814893,1,Employed,Own,0
27,,19745,713,35739,11,5,0.24847633467880628,1,Employed,Own,0
23,103309.0,29228,324,34785,8,5,0.42579444211489836,1,Employed,Own,0
67,146446.0,35521,583,31980,3,1,0.7295121959962012,0,Employed,Boarding,1
43,82046.0,32703,748,89335,4,5,0.5860390789001703,1,Employed,Rent,0
66,126661.0,27928,600,94702,6,3,0.48139063735950227,1,Employed,Rent,1
63,46143.0,19322,367,85016,11,8,0.9210973417428253,1,Employed,Own,0
67,26154.0,23360,306,1609,7,0,1.0828609685326496,0,Employed,Rent,0
65,41804.0,30055,436,66253,9,7,0.9324681451926367,1,Student,Own,0
38,61688.0,43891,463,85481,13,4,0.465200772329447,1,Employed,Own,0
58,84288.0,17376,382,91128,1,0,0.9188863846213089,0,Employed,Rent,0
55,71195.0,7588,719,28141,13,3,0.2671782007214563,1,Employed,Own,1
35,40581.0,26000,372,30009,8,0,0.24334978690042,0,Employed,Own,0
45,72648.0,7304,536,6782,8,5,0.48018974073977483,1,Self-Employed,Rent,0
57,50087.0,8345,345,92072,6,1,0.9884726059484625,0,Employed,Rent,0
48,69930.0,30300,561,99352,4,4,0.370983071966532,1,Unemployed,Own,0
30,52981.0,25259,475,25933,3,6,0.16957874978854753,1,Unemployed,Rent,0
59,89298.0,26470,465,77154,11,1,0.24488048872699059,0,Employed,Own,0
37,66167.0,24017,669,8307,3,5,1.044619465382538,1,Employed,Rent,0
59,95304.0,16352,353,92207,6,5,0.7971616132220163,1,Employed,Rent,0
42,63408.0,34365,718,75874,13,4,0.37852127970697436,1,Employed,Rent,0
46,59499.0,20446,806,38346,8,4,0.7108254078609993,1,Employed,Rent,0
64,,3336,640,50772,7,2,0.6803375846678853,0,Employed,Own,1
45,72269.0,10879,426,72084,11,9,0.8209795762847273,1,Employed,Own,0
37,58559.0,33316,708,40149,1,9,0.35650630986377796,1,Employed,Own,0
33,134126.0,34340,666,86700,11,1,1.0508432859138375,0,Employed,Own,0
40,94319.0,8521,570,27526,6,6,0.44030541828801406,1,Unemployed,Rent,0
45,131925.0,7171,678,96758,7,0,0.8635448193738604,0,Employed,Own,1
24,115317.0,24481,372,85712,12,5,0.11773711100943639,1,Self-Employed,Own,0
30,116347.0,19474,547,68477,7,5,0.5099228428835619,1,Employed,Own,0
23,68787.0,47760,342,5695,9,2,0.4868807997546891,0,Employed,Boarding,0
61,55488.0,45629,676,39169,11,1,0.6978328714413159,0,Employed,Own,1
65,94441.0,46232,340,47947,11,1,0.18000988795491613,0,Employed,Rent,0
38,,22008,469,47224,10,8,0.969144511098719,1,Employed,Own,0
67,42431.0,2633,511,45865,5,4,0.3395588819443254,1,Employed,Own,0
56,81681.0,13485,792,25553,1,6,0.8447415963702111,1,Self-Employed,Own,0
67,83483.0,44617,338,60410,2,4,0.9835333355685024,1,Employed,Rent,0
42,142720.0,4648,668,90895,4,6,0.7180646518656644,1,Employed,Rent,0
54,69153.0,48945,450,24816,5,3,0.914971527394184,1,Self-Employed,Rent,0
67,26368.0,14140,410,55026,9,7,0.828046343436506,1,Self-Employed,Own,0
28,47424.0,18921,779,50705,11,9,0.49108277686720836,1,Employed,Own,0
60,132360.0,15357,735,61922,1,9,0.9897443929369217,1,Employed,Boarding,0
69,65004.0,47136,346,73914,3,6,0.4241715068740808,1,Unemployed,Own,0
64,103869.0,4137,665,1881,5,9,0.7283342095266688,1,Employed,Rent,0
39,108652.0,1097,368,39567,3,4,0.9199375130556934,1,Employed,Rent,0
62,132755.0,12407,598,47365,4,5,0.5168515007937583,1,Employed,Own,0
61,76985.0,31575,595,79211,14,4,0.4330443683791675,1,Self-Employed,Rent,0
57,70069.0,13722,502,70122,3,6,0.6052806111901049,1,Employed,Own,0
26,72326.0,13924,360,25006,4,1,0.9997598437840688,0,Student,Own,0
46,128737.0,4750,613,41198,14,4,1.1229139394602312,1,Employed,Own,0
54,101061.0,28733,460,22831,13,9,0.699591754145879,1,Self-Employed,Rent,0
65,43398.0,9535,630,16459,13,2,0.8276128258560169,0,Employed,Own,0
26,118393.0,25487,827,32443,1,8,1.0936009844628054,1,Employed,Rent,0
57,70861.0,31651,637,42316,12,5,0.20840153655423663,1,Unemployed,Boarding,0
53,,5666,603,96131,8,9,0.3552864356527815,1,Employed,Rent,0
42,101905.0,49777,802,64486,4,2,0.8797900068767406,0,Employed,Rent,0
41,147118.0,17994,637,5877,7,6,1.0061189081035296,1,Employed,Own,0
26,88577.0,2727,849,39553,2,3,1.0427319311636356,1,Employed,Own,1
26,85641.0,35622,574,4922,2,2,0.5566178945404258,0,Employed,Own,0
68,29078.0,11800,463,4686,6,7,0.1982738925210535,1,Employed,Rent,0
24,,38823,742,32766,14,3,0.5815596250295818,1,Employed,Boarding,0
50,82768.0,44039,618,79943,2,0,0.3538080492277591,0,Employed,Boarding,0
31,71047.0,19708,803,32006,6,5,0.42031610049628654,1,Employed,Rent,0
50,91626.0,13819,686,31422,11,9,0.9494943125212563,1,Employed,Rent,0
51,77660.0,10369,793,12205,2,0,0.18307979462847557,0,Self-Employed,Own,1
44,124386.0,10283,789,86590,4,4,1.0103393392287723,1,Employed,Rent,0
29,69786.0,31573,372,23527,7,6,0.5704359944065859,1,Employed,Rent,0
23,21925.0,14171,808,18443,8,5,0.7556703242106545,1,Unemployed,Own,0
51,103976.0,31933,689,16524,3,1,0.19861745435924688,0,Employed,Boarding,1
60,125221.0,6774,594,28202,14,3,0.4710949861930076,1,Unemployed,Own,1
57,137832.0,7519,668,65552,13,1,0.19867101091633035,0,Unemployed,Rent,1
56,145150.0,11983,848,46142,9,0,1.1576980951692204,0,Self-Employed,Rent,1
44,46015.0,31932,486,61692,2,2,0.9879878142588754,0,Employed,Boarding,0
51,53320.0,31798,744,82384,8,2,0.6055960297921061,0,Self-Employed,Own,0
26,84881.0,19133,662,20855,8,6,0.3459628031560382,1,Self-Employed,Rent,0
22,110827.0,15939,422,83747,13,0,1.1268006157748374,0,Employed,Rent,0
40,,1781,487,60372,14,8,0.4790562552996689,1,Employed,Own,0
48,122215.0,28624,719,25095,4,5,0.2770828748561122,1,Employed,Rent,0
31,46289.0,7823,551,38724,1,3,0.7194808272993503,1,Employed,Rent,0
24,148859.0,19489,848,49241,13,2,1.1381515323792977,0,Employed,Rent,1
35,23389.0,40961,634,52003,1,2,0.10421331955035484,0,Employed,Own,0
26,45683.0,30118,391,68379,2,1,0.36193732757939856,0,Employed,Own,0
69,33629.0,35881,829,94837,14,1,1.1322924044514484,0,Employed,Rent,0
50,81550.0,17280,362,91996,12,9,0.2881945635428782,1,Employed,Own,0
58,44826.0,23263,811,97454,14,4,0.22456779680380184,1,Employed,Own,0
22,120734.0,14565,438,94283,9,8,0.7272059373797848,1,Unemployed,Boarding,0
35,46630.0,21354,484,15972,13,1,1.0480282056243129,0,Employed,Rent,0
31,118762.0,43951,504,93846,2,1,0.6248207994633187,0,Employed,Rent,0
28,66163.0,26643,513,22927,2,5,1.194020682352977,1,Employed,Own,0
46,118511.0,24648,555,66630,6,9,0.847088869491792,1,Employed,Own,0
65,86435.0,42971,434,52347,7,1,0.1814823979314925,0,Self-Employed,Own,0
64,31653.0,19658,387,99708,13,3,1.192115344850173,1,Unemployed,Own,0
25,47961.0,22253,506,88860,7,5,0.5486836604582094,1,Employed,Rent,0
26,101941.0,49563,428,86210,13,4,0.41614278723003073,1,Student,Rent,0
46,94137.0,27390,302,69518,9,0,0.7136671019356741,0,Employed,Own,0
24,53662.0,24128,420,45283,6,5,0.43473835100295066,1,Employed,Own,0
39,118818.0,14489,684,81326,14,0,0.19510325783216753,0,Employed,Own,1
40,76446.0,39314,337,12205,8,2,0.1015711773870944,0,Unemployed,Own,1
53,41288.0,33658,640,89874,11,9,0.5945416882122885,1,Employed,Own,0
40,142555.0,7852,320,12748,6,4,1.0205497644492514,1,Employed,Boarding,0
69,115081.0,30450,541,21097,2,9,0.7295467041930841,1,Self-Employed,Rent,0
32,56877.0,3551,754,3092,1,4,1.1991280288377848,1,Employed,Rent,0
67,,7411,602,53311,5,9,0.4155313102119199,1,Employed,Own,0
21,35313.0,34243,368,22692,14,5,0.40850057123606087,1,Unemployed,Boarding,0
46,100885.0,22800,428,23862,9,9,0.27572440625733863,1,Employed,Rent,0
34,92715.0,11403,495,90396,8,7,0.2804699470918687,1,Employed,Rent,0
58,30326.0,8239,439,79507,14,4,0.41370525561105254,1,Employed,Own,0
57,130091.0,7710,743,80152,13,0,0.9721240498008797,0,Employed,Boarding,1
31,145836.0,22384,582,70469,4,4,1.0963324697000927,1,Employed,Rent,0
56,21560.0,22038,611,4926,5,2,1.1725958866784494,0,Employed,Rent,0
33,99148.0,41846,834,91299,13,3,0.35551861950609787,1,Employed,Own,0
63,103186.0,23447,576,3969,5,7,1.0694273001755008,1,Employed,Own,0
23,46745.0,3285,360,35733,6,6,0.46108059820507075,1,Unemployed,Own,0
53,51890.0,38991,618,69855,3,4,0.22412459896857284,1,Student,Own,0
26,40022.0,14521,351,41743,5,1,1.0570274180721821,0,Employed,Rent,0
30,143629.0,48657,452,39876,2,5,0.7997161981079803,1,Employed,Own,0
25,72579.0,7971,610,20323,10,5,0.2812039856891679,1,Unemployed,Own,0
43,90316.0,30139,843,16428,1,9,0.5728143832643028,1,Employed,Own,0
30,103847.0,20909,688,34578,11,9,0.4159834643647744,1,Employed,Own,0
64,,12531,847,86486,1,5,0.9104740255812166,1,Unemployed,Own,0
22,,15721,476,64140,10,8,0.5987578536866948,1,Self-Employed,Rent,0
33,22356.0,20206,661,83829,7,7,1.1882079396170233,1,Self-Employed,Rent,0
60,90326.0,38711,613,6364,2,7,0.16021948048555462,1,Self-Employed,Own,0
22,112447.0,7530,396,35349,4,0,0.49051679274987126,0,Employed,Own,1
40,134994.0,12116,512,691,5,4,0.630090183820975,1,Employed,Own,1
21,109899.0,1258,436,95598,7,6,0.6534469102231517,1,Employed,Own,0
57,40049.0,1282,305,66467,2,5,0.44752940462420043,1,Employed,Rent,0
29,95717.0,14937,408,45896,14,4,0.9021642740073247,1,Employed,Rent,0
37,125361.0,2898,846,57062,6,7,1.0622217808378722,1,Self-Employed,Rent,0
29,36082.0,5135,338,97266,1,2,1.1325912321756493,0,Self-Employed,Rent,0
31,20661.0,7629,724,79762,7,5,0.9856027144794787,1,Employed,Own,0
35,57412.0,44936,560,13861,9,4,1.0356382170372593,1,Self-Employed,Boarding,0
44,134015.0,20584,725,96837,5,7,0.7055998306819949,1,Self-Employed,Rent,0
58,143191.0,24551,386,88302,5,3,1.0084770490694959,1,Employed,Boarding,0
55,22920.0,34380,764,63928,4,7,0.4338543000627474,1,Employed,Own,0
50,111194.0,47971,375,83231,3,9,0.5383266383201358,1,Employed,Boarding,0
51,134306.0,18071,770,41347,9,1,0.4486043152003987,0,Employed,Rent,1
69,80315.0,21074,713,3121,5,8,0.6141260689927179,1,Employed,Rent,0
25,99561.0,26188,756,83793,8,8,0.41413757786249994,1,Employed,Own,0
64,28946.0,3307,584,28164,9,9,1.1577725864798916,1,Employed,Rent,0
34,114242.0,40901,538,25491,5,9,0.44412909080623497,1,Employed,Boarding,0
31,65500.0,12205,671,59222,10,5,0.20784899192203382,1,Unemployed,Rent,0
29,124540.0,6906,794,23165,9,3,0.6794988826554547,1,Employed,Rent,1
54,36309.0,3591,344,3748,2,3,0.16280898628969398,1,Self-Employed,Boarding,0
32,75230.0,16149,700,98581,9,5,0.22159748293943857,1,Employed,Own,0
55,,45918,546,26553,11,4,0.3413283281158709,1,Employed,Rent,0
55,118656.0,40951,749,60380,4,5,0.6107852748703557,1,Unemployed,Own,0
21,143782.0,26150,784,44331,6,6,0.5765760255399306,1,Employed,Boarding,1
60,50027.0,32852,317,96033,6,6,0.9796610482030702,1,Employed,Own,0
42,146768.0,43870,588,96844,6,8,0.9134221192725246,1,Self-Employed,Rent,0
49,92541.0,2283,713,39560,2,7,0.5689501233897714,1,Employed,Rent,0
28,132340.0,34691,534,53865,7,5,0.4670746283331929,1,Employed,Rent,0
31,134846.0,2125,715,46686,13,5,0.44811566246764845,1,Employed,Rent,1
61,79321.0,2529,798,75910,6,4,0.9513945960234098,1,Self-Employed,Boarding,0
57,20956.0,27170,414,4675,11,0,0.1572796468433967,0,Employed,Boarding,0
34,120375.0,9438,533,66706,14,8,0.11410381446166641,1,Employed,Own,0
50,94131.0,21095,839,77986,1,8,0.9750988311193127,1,Employed,Own,0
55,67908.0,17154,310,76216,2,8,0.6248610135879541,1,Employed,Own,0
41,98339.0,9004,505,10068,7,7,0.24396925240893355,1,Self-Employed,Own,0
57,145659.0,10752,546,54460,1,9,0.3591225280539514,1,Employed,Rent,0
25,45963.0,44360,426,46418,1,2,1.1257543484071209,0,Employed,Boarding,0
39,121757.0,27819,446,26206,1,0,1.0454532731873878,0,Employed,Rent,0
34,59443.0,37632,417,287,8,7,0.8807635552463696,1,Unemployed,Own,0
46,119259.0,27515,681,22337,4,6,0.6304477533710592,1,Employed,Own,0
24,59063.0,25217,711,20666,4,4,0.6723559888105242,1,Self-Employed,Rent,0
45,134225.0,24172,662,1161,13,9,1.1727689888123545,1,Self-Employed,Rent,0
65,136400.0,33994,808,90071,2,6,1.1623474882727158,1,Employed,Own,0
62,100818.0,16036,436,98064,11,9,0.3367959503644177,1,Employed,Rent,0
45,24703.0,12739,474,38751,11,3,0.9922150229358498,1,Employed,Boarding,0
38,85128.0,33220,588,82063,11,8,0.31696693278371846,1,Self-Employed,Own,0
60,92099.0,10587,780,89389,1,9,0.3348912256723465,1,Employed,Rent,0
28,45849.0,45517,318,14758,12,1,0.8437023375810343,0,Employed,Own,0
59,51860.0,31129,494,65780,10,8,0.5455012084463032,1,Self-Employed,Rent,0
60,51585.0,1645,629,3178,9,8,1.1246988478171722,1,Employed,Own,0
34,,31930,474,31831,7,4,0.1979107083856097,1,Employed,Own,0
52,97539.0,17299,748,2176,4,0,0.6626782048904423,0,Employed,Boarding,1
58,63585.0,31090,653,33654,12,6,1.1103736834874334,1,Employed,Own,0
53,46958.0,22953,798,26627,6,9,1.0945250265274555,1,Self-Employed,Rent,0
43,46017.0,47443,440,52550,14,9,0.27218213475731534,1,Employed,Own,0
35,96707.0,27475,392,44910,2,3,0.503301470106102,1,Employed,Own,0
53,144677.0,19888,538,90417,7,8,0.7810335400513657,1,Unemployed,Own,0
45,65350.0,44732,504,58251,2,5,0.2753343732485424,1,Employed,Own,0
37,32201.0,17087,732,35422,10,2,1.1648243892503125,0,Student,Rent,0
53,49426.0,47305,544,11984,8,5,1.1062242616004263,1,Student,Own,0
67,37778.0,47037,616,89312,8,9,0.2836451969379161,1,Employed,Rent,0
22,65241.0,10346,594,61386,1,5,0.23327100738708395,1,Employed,Rent,0
34,,1587,581,83291,13,4,0.19394933108909182,1,Self-Employed,Rent,0
60,106652.0,13763,316,7135,8,1,1.1003880304402942,0,Employed,Own,0
60,,42945,370,320,2,9,0.31298619077500683,1,Employed,Boarding,0
59,138402.0,5079,568,94171,6,9,0.5579134213987902,1,Self-Employed,Own,0
26,68364.0,37116,624,21684,13,1,0.5937365022172033,0,Employed,Own,0
26,118833.0,21215,604,55913,1,6,0.7589121486349242,1,Unemployed,Own,0
23,146503.0,26817,750,88774,5,1,0.17890887812216744,0,Employed,Own,1
27,149044.0,25765,306,21889,11,5,0.3494344791405675,1,Employed,Own,0
28,104878.0,31112,613,95849,7,4,1.1246394256108185,1,Employed,Rent,0
62,77056.0,26556,402,98071,13,3,1.0992511179954263,1,Student,Own,0
35,47490.0,19099,492,48899,10,6,0.9594197121462613,1,Employed,Own,0
67,147769.0,44553,828,10770,1,7,0.12134137018003699,1,Self-Employed,Rent,1
49,39975.0,46096,470,39321,2,3,0.4597074453457123,1,Employed,Own,0
53,46723.0,7450,836,85962,7,0,0.7907546088771985,0,Employed,Own,0
50,43279.0,14230,550,41777,6,0,0.4027092329508233,0,Employed,Own,0
59,98301.0,30009,686,46250,3,0,1.100545364559155,0,Employed,Rent,0
47,132214.0,6433,506,73034,14,0,0.797278408015686,0,Employed,Own,1
56,31561.0,34866,840,40130,10,4,0.17909738904809014,1,Employed,Own,0
49,127435.0,40864,715,81931,2,3,1.0999061477192733,1,Employed,Rent,0
58,86061.0,19710,679,49346,10,8,1.1535433239938448,1,Unemployed,Rent,0
53,108397.0,12439,443,2537,4,2,0.18548366023089802,0,Employed,Rent,1
57,69153.0,42855,324,84762,3,6,0.6855962583474463,1,Student,Rent,0
47,53142.0,17021,372,15216,7,7,0.43370071043558744,1,Employed,Own,0
53,46916.0,7416,392,84149,8,5,0.5321229841295425,1,Employed,Own,0
24,84324.0,7980,804,3009,2,9,0.2976163397508761,1,Employed,Own,1
42,64965.0,19058,635,89904,10,0,0.7358793122136537,0,Employed,Own,0
22,145932.0,12101,724,29327,7,7,1.1537772885737796,1,Employed,Own,0
30,24648.0,41718,798,14209,8,9,0.6533798602987698,1,Employed,Own,0
25,55133.0,33602,663,48443,6,2,0.19120603953392928,0,Employed,Rent,0
30,70677.0,10122,498,15029,6,7,0.7820014668251491,1,Self-Employed,Rent,0
53,116059.0,13576,712,67613,10,3,0.4742452938963827,1,Employed,Own,1
58,114588.0,28516,638,79443,1,7,1.0415177085504275,1,Self-Employed,Rent,0
33,119950.0,23433,728,56997,4,0,0.5781459631481172,0,Employed,Own,1
51,118317.0,2089,438,62559,14,2,0.31212356983647016,0,Employed,Own,1
67,90135.0,38346,841,64892,1,5,0.31021618496025943,1,Employed,Rent,0
56,55046.0,10127,356,70409,4,8,0.9456405987932763,1,Employed,Own,0
65,67064.0,11487,531,8635,2,1,0.39214635813809584,0,Employed,Own,1
44,121459.0,1155,734,33065,11,0,0.9439567335751452,0,Employed,Own,1
35,126625.0,2958,683,33783,13,9,0.3264760418432593,1,Employed,Boarding,0
49,89350.0,11693,493,34152,5,2,0.4538550055714403,0,Employed,Rent,0
28,65893.0,40112,833,58741,10,3,0.6120356696836693,1,Employed,Own,0
25,121520.0,39547,817,51502,14,4,1.1375154346627958,1,Employed,Rent,0
49,145818.0,29795,484,29092,9,2,1.124904567229207,0,Employed,Rent,0
67,81272.0,22447,591,17653,11,9,0.32755906296451653,1,Student,Rent,0
24,112152.0,37598,634,97999,12,1,0.4940409453673801,0,Self-Employed,Rent,0
32,142907.0,42814,415,99564,10,1,0.26433932729914955,0,Employed,Own,0
65,87649.0,26215,348,40469,3,6,0.6609835872448467,1,Unemployed,Own,0
22,84674.0,10794,381,86483,8,8,0.6066408057641332,1,Unemployed,Rent,0
47,144132.0,34209,632,59754,3,9,1.0908361786958056,1,Employed,Rent,0
51,139044.0,23424,634,29978,6,1,1.12300591557018,0,Employed,Rent,1
56,128542.0,48246,831,87592,4,6,0.5219241301080213,1,Student,Rent,0
56,33760.0,38396,520,94543,8,6,0.6409117373208882,1,Employed,Boarding,0
46,41927.0,7370,622,43169,11,6,1.0858598740607464,1,Unemployed,Boarding,0
63,106475.0,10528,302,48287,6,2,0.9873785885195675,0,Employed,Rent,0
47,81367.0,29276,505,54745,8,6,0.10402194247911421,1,Employed,Rent,0
25,117955.0,45333,339,5543,1,0,0.4520655206019407,0,Employed,Boarding,0
40,32588.0,9179,358,56392,6,9,0.5639516661297385,1,Employed,Own,0
31,141750.0,49781,806,21067,1,0,0.3526879120515548,0,Self-Employed,Own,1
30,121678.0,17843,421,51033,1,4,0.3195287774855326,1,Student,Own,0
60,124734.0,24952,778,45256,8,1,0.14156295725524765,0,Employed,Rent,1
58,138154.0,34160,395,90633,7,8,0.8077066975767365,1,Employed,Rent,0
26,72233.0,45898,713,69345,3,6,0.3887613195314822,1,Self-Employed,Rent,0
28,64738.0,30516,534,22191,6,3,0.1575818962744444,1,Employed,Own,0
43,53397.0,11449,361,86803,9,3,0.35407724158086995,1,Employed,Own,0
67,102189.0,22125,555,72742,7,1,0.982105348119739,0,Employed,Rent,0
46,96367.0,8418,647,86593,12,4,1.0366380998112013,1,Self-Employed,Own,0
66,144873.0,23746,423,28992,3,3,0.6313728697126328,1,Self-Employed,Own,0
63,91260.0,3454,781,81531,14,0,0.5576777374495547,0,Employed,Own,1
32,140585.0,18761,616,48803,14,7,1.17563906285196,1,Employed,Own,0
46,96619.0,16223,803,63477,13,2,0.3206211255468769,0,Student,Rent,1
33,131453.0,7701,347,13210,6,5,0.3368952111400693,1,Employed,Own,0
60,39816.0,3597,708,83329,11,3,0.42105389474003974,1,Employed,Rent,0
38,62240.0,1141,435,26270,4,8,0.290033050109196,1,Employed,Own,0
45,26276.0,3659,500,62008,14,6,0.5173021580246052,1,Self-Employed,Rent,0
53,133939.0,21980,549,5197,13,8,1.101917649688729,1,Employed,Own,0
67,124199.0,10031,613,7452,3,9,0.7768826246914317,1,Employed,Rent,0
60,99530.0,16037,667,41486,9,2,0.5531412034734899,0,Employed,Rent,0
63,43499.0,47738,728,14859,10,0,1.1278518740283363,0,Employed,Own,0
32,108576.0,39429,779,27236,2,4,0.15331065572340455,1,Employed,Rent,1
64,128856.0,7142,613,31899,1,2,0.3313037956920475,0,Employed,Rent,1
56,102495.0,13109,799,32083,14,5,0.7224774656119348,1,Employed,Own,0
68,141717.0,23010,654,67708,2,7,0.777107885512497,1,Employed,Own,0
24,91635.0,9787,784,16663,7,3,0.14351325721887445,1,Employed,Boarding,1
25,127803.0,43864,510,93076,10,4,0.5433426336978453,1,Employed,Rent,0
